density,pycno_rate,pycno_rate2,Log Density,Log Sao Paolo Rate,Log M3Y Rate
1.00E+09,7.60E-16,1.55E-18,9,-15.11898531,-17.80850547
1.99E+09,1.57E-06,3.33E-09,9.298853076,-5.802868368,-8.477869016
2.98E+09,1.62E-01,3.52E-04,9.474216264,-0.789941118,-3.453987961
3.97E+09,3.83E+02,0.848416196,9.598790507,2.583275874,-0.07139105
4.96E+09,1.35E+05,284.9593083,9.695481676,5.12942885,2.454782848
5.95E+09,1.32E+07,28210.02515,9.774516966,7.118942266,4.450403473
6.94E+09,5.72E+08,1243339.159,9.84135947,8.757488648,6.094589612
7.93E+09,1.40E+10,30767016.12,9.899273187,10.1456811,7.488085379
8.92E+09,2.22E+11,493997277.7,9.950364854,11.34624928,8.693724556
9.91E+09,2.52E+12,5682802198,9.996073654,12.40216161,9.75456254
1.09E+10,2.20E+13,50029515898,10.0374265,13.34195062,10.6992263
1.19E+10,1.54E+14,3.55261E+11,10.07518185,14.18831808,11.55054781
1.29E+10,9.05E+14,2.1094E+12,10.10991586,14.95663322,12.32415961
1.39E+10,4.57E+15,1.08168E+13,10.14207646,15.65954732,13.03409914
1.49E+10,2.03E+16,4.85027E+13,10.17201881,16.30660085,13.6857655
1.59E+10,8.05E+16,1.93825E+14,10.20002927,16.90580074,14.28740925
1.68E+10,2.91E+17,7.039E+14,10.22634209,17.46353914,14.84751101
1.78E+10,9.64E+17,2.34496E+15,10.25115134,17.9838693,15.37013554
1.88E+10,2.97E+18,7.25708E+15,10.27461962,18.47226631,15.86076196
1.98E+10,8.54E+18,2.10026E+16,10.29688448,18.93160431,16.32227338
2.08E+10,2.32E+19,5.72956E+16,10.31806333,19.36533071,16.75812126
2.18E+10,5.97E+19,1.48E+17,10.33825723,19.77570145,17.17056678
2.28E+10,1.46E+20,3.65E+17,10.35755372,20.16534821,17.5622468
2.38E+10,3.43E+20,8.60E+17,10.37602918,20.53564724,17.93453802
2.48E+10,7.74E+20,1.95E+18,10.39375064,20.88855969,18.28941003
2.58E+10,1.68E+21,4.25E+18,10.41077723,21.22589054,18.62866941
2.67E+10,3.53E+21,8.96E+18,10.4271614,21.54777348,18.95245218
2.77E+10,7.19E+21,1.83E+19,10.44294987,21.85700122,19.26355603
2.87E+10,1.42E+22,3.65E+19,10.45818444,22.15335137,19.56176103
2.97E+10,2.74E+22,7.05E+19,10.47290265,22.43775849,19.84800203
3.07E+10,5.15E+22,1.33E+20,10.48713838,22.71205593,20.12411737
3.17E+10,9.46E+22,2.45E+20,10.50092224,22.97592373,20.3897911
3.27E+10,1.70E+23,4.43E+20,10.51428205,23.23068133,20.64634322
3.37E+10,2.99E+23,7.83E+20,10.52724312,23.47630546,20.89375713
3.47E+10,5.18E+23,1.36E+21,10.53982856,23.71413856,21.13337657
3.57E+10,8.79E+23,2.32E+21,10.55205953,23.94389894,21.36492357
3.66E+10,1.47E+24,3.88E+21,10.56395546,24.16656035,21.58937671
3.76E+10,2.41E+24,6.41E+21,10.57553422,24.38249432,21.80711405
3.86E+10,3.91E+24,1.04E+22,10.58681227,24.59222007,22.018661
3.96E+10,6.24E+24,1.67E+22,10.59780484,24.79499594,22.22328323
4.06E+10,9.84E+24,2.65E+22,10.60852603,24.99281675,22.42298899
4.16E+10,1.53E+25,4.14E+22,10.61898892,25.18476806,22.61687941
4.26E+10,2.35E+25,6.39E+22,10.62920566,25.37143547,22.80556526
4.36E+10,3.58E+25,9.76E+22,10.63918756,25.55328698,22.9895611
4.46E+10,5.38E+25,1.48E+23,10.64894518,25.73057234,23.16920453
4.56E+10,8.00E+25,2.21E+23,10.65848838,25.90295371,23.34442075
4.65E+10,1.18E+26,3.29E+23,10.66782638,26.07118953,23.51711104
4.75E+10,1.72E+26,4.82E+23,10.67696781,26.23592721,23.68276851
4.85E+10,2.49E+26,6.98E+23,10.68592079,26.39582245,23.84357067
4.95E+10,3.57E+26,1.00E+24,10.69469293,26.55249665,24.00114157
5.05E+10,5.08E+26,1.43E+24,10.70329138,26.70589534,24.15542729
5.15E+10,7.17E+26,2.02E+24,10.71172289,26.8552968,24.30570601
5.25E+10,1.00E+27,2.84E+24,10.71999383,27.00153469,24.45281283
5.35E+10,1.40E+27,3.95E+24,10.72811018,27.14469872,24.59683508
5.45E+10,1.93E+27,5.47E+24,10.73607764,27.284902,24.73788683
5.55E+10,2.64E+27,7.52E+24,10.74390155,27.42228445,24.87610973
5.64E+10,3.61E+27,1.03E+25,10.75158701,27.55700404,25.01166013
5.74E+10,4.88E+27,1.39E+25,10.75913882,27.68815632,25.14363631
5.84E+10,6.57E+27,1.88E+25,10.76656155,27.81737495,25.27367149
5.94E+10,8.80E+27,2.52E+25,10.77385955,27.94447922,25.4015836
6.04E+10,1.17E+28,3.36E+25,10.78103694,28.06814503,25.52605187
6.14E+10,1.55E+28,4.46E+25,10.78809763,28.19050818,25.64920643
6.24E+10,2.04E+28,5.88E+25,10.79504537,28.30970254,25.76918827
6.34E+10,2.68E+28,7.73E+25,10.80188371,28.42787544,25.88813984
6.44E+10,3.49E+28,1.01E+26,10.80861604,28.54274578,26.0037828
6.54E+10,4.53E+28,1.31E+26,10.81524559,28.65587668,26.11767921
6.63E+10,5.85E+28,1.70E+26,10.82177547,28.76741265,26.22997532
6.73E+10,7.54E+28,2.19E+26,10.82820861,28.87725383,26.34056981
6.83E+10,9.65E+28,2.81E+26,10.83454786,28.98464521,26.44870883
6.93E+10,1.23E+29,3.59E+26,10.8407959,29.09034624,26.55515253
7.03E+10,1.56E+29,4.57E+26,10.84695533,29.1943839,26.65992614
7.13E+10,1.98E+29,5.80E+26,10.85302861,29.29678581,26.76305712
7.23E+10,2.50E+29,7.32E+26,10.85901814,29.39758374,26.86457925
7.33E+10,3.14E+29,9.22E+26,10.86492619,29.49682037,26.96453647
7.43E+10,3.93E+29,1.16E+27,10.87075494,29.59455386,27.06298314
7.53E+10,4.91E+29,1.45E+27,10.8765065,29.69084172,27.15998047
7.62E+10,6.11E+29,1.80E+27,10.88218289,29.78574898,27.25559185
7.72E+10,7.57E+29,2.24E+27,10.88778603,29.87933734,27.34987977
7.82E+10,9.35E+29,2.77E+27,10.89331781,29.97080882,27.44204549
7.92E+10,1.15E+30,3.41E+27,10.89878001,30.06130543,27.53323027
8.02E+10,1.42E+30,4.20E+27,10.90417437,30.15079327,27.62340553
8.12E+10,1.73E+30,5.16E+27,10.90950254,30.23924441,27.71253654
8.22E+10,2.12E+30,6.30E+27,10.91476614,30.32557518,27.79954419
8.32E+10,2.58E+30,7.69E+27,10.9199667,30.41125596,27.88589805
8.42E+10,3.13E+30,9.36E+27,10.92510573,30.4961946,27.97150437
8.52E+10,3.79E+30,1.13E+28,10.93018465,30.57895078,28.05492532
8.61E+10,4.59E+30,1.37E+28,10.93520487,30.66143689,28.13807117
8.71E+10,5.53E+30,1.66E+28,10.94016771,30.74242188,28.21971232
8.81E+10,6.65E+30,2.00E+28,10.94507449,30.82252178,28.30046465
8.91E+10,7.97E+30,2.40E+28,10.94992644,30.90167078,28.38026226
9.01E+10,9.54E+30,2.88E+28,10.95472479,30.97958616,28.45882268
9.11E+10,1.14E+31,3.44E+28,10.9594707,31.05666097,28.53653906
9.21E+10,1.36E+31,4.11E+28,10.96416531,31.13281341,28.61332844
9.31E+10,1.61E+31,4.89E+28,10.96880971,31.20775013,28.68889892
9.41E+10,1.92E+31,5.81E+28,10.97340497,31.28242724,28.76420821
9.51E+10,2.27E+31,6.88E+28,10.97795212,31.35532315,28.83773288
9.60E+10,2.68E+31,8.15E+28,10.98245215,31.42809428,28.91112719
9.70E+10,3.16E+31,9.62E+28,10.98690603,31.49965959,28.98331366
9.80E+10,3.72E+31,1.13E+29,10.9913147,31.57012596,29.05439899
9.90E+10,4.37E+31,1.33E+29,10.99567906,31.64041385,29.12530186
1.00E+11,5.12E+31,1.57E+29,11,31.70958539,29.19508531