Distance(fm),Vcoul,Sao Paulo,M3Y,RMF-L1
  0.10000000000000001      ,   18.000105534216793      ,  -198.06269420595348      ,  -196.93368707757355      ,  -295.41364895892980     
  0.20000000000000001      ,   17.990451106397874      ,  -196.86747667884106      ,  -195.90709320401479      ,  -289.11338240576958     
  0.30000000000000004      ,   17.974360393366332      ,  -194.89359633897334      ,  -194.25309856350003      ,  -313.14115259440473     
  0.40000000000000002      ,   17.951833395122186      ,  -192.16821338303359      ,  -191.87759735479813      ,  -314.32449546489795     
  0.50000000000000000      ,   17.922870111665421      ,  -188.72707962230686      ,  -188.86183754688491      ,  -303.32872987833537     
  0.59999999999999998      ,   17.887470542996045      ,  -184.61314264801092      ,  -185.12130949338427      ,  -296.38880065000717     
  0.69999999999999996      ,   17.845634689114050      ,  -179.87577526421495      ,  -180.85595405675224      ,  -293.31403630512546     
  0.79999999999999993      ,   17.797362550019443      ,  -174.56947499821524      ,  -176.00145395842455      ,  -284.96056405710965     
  0.89999999999999991      ,   17.742654125712221      ,  -168.75212255138274      ,  -170.50909516876484      ,  -274.57369797132276     
  0.99999999999999989      ,   17.681509416192387      ,  -162.48366220798820      ,  -164.54566328142735      ,  -264.52128769094520     
   1.0999999999999999      ,   17.613928421459935      ,  -155.82529571003408      ,  -158.17266589198871      ,  -255.71695207518485     
   1.2000000000000000      ,   17.539911141514875      ,  -148.83865073894140      ,  -151.43057165380688      ,  -245.44133408387168     
   1.3000000000000000      ,   17.459457576357195      ,  -141.58483914738446      ,  -144.39606762239026      ,  -236.83102996921195     
   1.4000000000000001      ,   17.372567725986901      ,  -134.12374714670347      ,  -137.07282493113277      ,  -224.45851709889533     
   1.5000000000000002      ,   17.279241590403995      ,  -126.51358935710628      ,  -129.55532101318596      ,  -210.37652221295176     
   1.6000000000000003      ,   17.179479169608474      ,  -118.81048161148678      ,  -121.92528676143812      ,  -199.46725766496687     
   1.7000000000000004      ,   17.073280463600337      ,  -111.06802248087543      ,  -114.21649159669614      ,  -186.57074800362500     
   1.8000000000000005      ,   16.960645472379586      ,  -103.33702555076609      ,  -106.48276276307573      ,  -171.94728944099577     
   1.9000000000000006      ,   16.841574195946226      ,  -95.665333188416980      ,  -98.797306378940760      ,  -162.22389357899112     
   2.0000000000000004      ,   16.716066634300244      ,  -88.097618052689057      ,  -91.185703004337071      ,  -147.63523700171362     
   2.1000000000000005      ,   16.584122787441654      ,  -80.675215879729450      ,  -83.697541020667458      ,  -137.56319237856113     
   2.2000000000000006      ,   16.445742655370445      ,  -73.436012011110847      ,  -76.390669169648532      ,  -124.34732758585992     
   2.3000000000000007      ,   16.300926238086621      ,  -66.414325996625905      ,  -69.314177949811850      ,  -113.78397740470109     
   2.4000000000000008      ,   16.149673535590185      ,  -59.640822802439814      ,  -62.458397536575944      ,  -102.28763789986210     
   2.5000000000000009      ,   15.991984547881138      ,  -53.142521904222086      ,  -55.872478991911031      ,  -92.562265715739187     
   2.6000000000000010      ,   15.827859274959472      ,  -46.942871962620984      ,  -49.592215175845546      ,  -83.092523192233557     
   2.7000000000000011      ,   15.657297716825195      ,  -41.061805092784795      ,  -43.619996090261111      ,  -72.912646676271635     
   2.8000000000000012      ,   15.480299873478302      ,  -35.515735860899326      ,  -37.965151946628552      ,  -65.754559638092928     
   2.9000000000000012      ,   15.296865744918794      ,  -30.317502694362812      ,  -32.660288601542732      ,  -57.959995683776000     
   3.0000000000000013      ,   15.106995331146672      ,  -25.476297596583315      ,  -27.726749200213540      ,  -50.078723533828089     
   3.1000000000000014      ,   14.910688632161939      ,  -20.997620625928580      ,  -23.154375484004053      ,  -42.244352618384539     
   3.2000000000000015      ,   14.707945647964587      ,  -16.883305163896686      ,  -18.943211541604889      ,  -34.908022261623600     
   3.3000000000000016      ,   14.498766378554620      ,  -13.131631847113514      ,  -15.090711345821720      ,  -28.650155072650300     
   3.4000000000000017      ,   14.283150823932047      ,  -9.7375102000568319      ,  -11.585206155056945      ,  -22.861729226119955     
   3.5000000000000018      ,   14.061098984096853      ,  -6.6926941502637600      ,  -8.4201795038855476      ,  -17.784109697565768     
   3.6000000000000019      ,   13.832610859049044      ,  -3.9860077520911936      ,  -5.5872182158336301      ,  -14.001427926690173     
   3.7000000000000020      ,   13.597686448788625      ,  -1.6035800987861979      ,  -3.0701077395715899      ,  -10.189403468560247     
   3.8000000000000020      ,   13.356325753315589      ,  0.47089154593833449      , -0.86329355031681487      ,  -6.7453646932994733     
   3.9000000000000021      ,   13.108528772629938      ,   2.2558299363809482      ,   1.0604647304927184      ,  -3.6842706256528039     
   4.0000000000000018      ,   12.854295506731676      ,   3.7714019229004894      ,   2.7157120538942809      ,  -1.0091824534650495     
   4.1000000000000014      ,   12.593625955620794      ,   5.0390719204766494      ,   4.1269632303785126      ,   1.2822294613835457     
   4.2000000000000011      ,   12.326520119297305      ,   6.0810946247785544      ,   5.3144996864489080      ,   3.1987647746004804     
   4.3000000000000007      ,   12.052977997761198      ,   6.9199764650115601      ,   6.2923773661155780      ,   4.7692560366262509     
   4.4000000000000004      ,   11.779363636363636      ,   7.5843092073050684      ,   7.0864861130638372      ,   6.0311166187824403     
   4.5000000000000000      ,   11.517600000000000      ,   8.1074771853426260      ,   7.7261413097831992      ,   7.0249658269802939     
   4.5999999999999996      ,   11.267217391304349      ,   8.5092913422532543      ,   8.2294762714150345      ,   7.7837087902538507     
   4.6999999999999993      ,   11.027489361702129      ,   8.8078082139688618      ,   8.6105236969578396      ,   8.3437115481472528     
   4.7999999999999989      ,   10.797750000000002      ,   9.0194383998562309      ,   8.8870391393927886      ,   8.7408479398191421     
   4.8999999999999986      ,   10.577387755102045      ,   9.1588358409636186      ,   9.0753204605144653      ,   9.0076483707239330     
   4.9999999999999982      ,   10.365840000000004      ,   9.2388781399470492      ,   9.1902831502704601      ,   9.1720938870561319     
   5.0999999999999979      ,   10.162588235294121      ,   9.2707188253821169      ,   9.2458681959211138      ,   9.2574271978792009     
   5.1999999999999975      ,   9.9671538461538507      ,   9.2638914703185353      ,   9.2543561209542826      ,   9.2824875133843836     
   5.2999999999999972      ,   9.7790943396226471      ,   9.2264471629623444      ,   9.2261656695632173      ,   9.2622699121862162     
   5.3999999999999968      ,   9.5980000000000061      ,   9.1651097637805243      ,   9.1699096563478157      ,   9.2085427063074761     
   5.4999999999999964      ,   9.4234909090909156      ,   9.0854367786531007      ,   9.0925735122747326      ,   9.1304370474473373     
   5.5999999999999961      ,   9.2552142857142918      ,   8.9919769712390121      ,   8.9997397033658348      ,   9.0349699322154731     
   5.6999999999999957      ,   9.0928421052631645      ,   8.8884187261278900      ,   8.8958161812804022      ,   8.9274879029531125     
   5.7999999999999954      ,   8.9360689655172489      ,   8.7777255328708890      ,   8.7842478232728620      ,   8.8120324795010507     
   5.8999999999999950      ,   8.7846101694915326      ,   8.6622567766361716      ,   8.6677018599090445      ,   8.6916348801684347     
   5.9999999999999947      ,   8.6382000000000083      ,   8.5438733431855756      ,   8.5482249950305000      ,   8.5685500498295166     
   6.0999999999999943      ,   8.4965901639344334      ,   8.4240284516457393      ,   8.4273734319815663      ,   8.4444402945875918     
   6.1999999999999940      ,   8.3595483870967815      ,   8.3038447029182691      ,   8.3063186565823166      ,   8.3205180297471504     
   6.2999999999999936      ,   8.2268571428571509      ,   8.1841786545400534      ,   8.1859324010340533      ,   8.1976559092322798     
   6.3999999999999932      ,   8.0983125000000094      ,   8.0656743737158045      ,   8.0668542129934799      ,   8.0764712627872264     
   6.4999999999999929      ,   7.9737230769230854      ,   7.9488074357850573      ,   7.9495447700867476      ,   7.9573904966379603     
   6.5999999999999925      ,   7.8529090909091002      ,   7.8339207697753883      ,   7.8343276790750389      ,   7.8406979913571906     
   6.6999999999999922      ,   7.7357014925373226      ,   7.7212536390492570      ,   7.7214220730798582      ,   7.7265730814436031     
   6.7999999999999918      ,   7.6219411764705978      ,   7.6109649072043162      ,   7.6109679175102887      ,   7.6151179206095270     
   6.8999999999999915      ,   7.5114782608695743      ,   7.5031515937568916      ,   7.5030455773623332      ,   7.5063784078587501     
   6.9999999999999911      ,   7.4041714285714377      ,   7.3978635814666358      ,   7.3976908924469180      ,   7.4003598502349588     
   7.0999999999999908      ,   7.2998873239436719      ,   7.2951152039778266      ,   7.2949067520505659      ,   7.2970386464015951     
   7.1999999999999904      ,   7.1985000000000099      ,   7.1948943222820310      ,   7.1946719519159075      ,   7.1963709705857317     
   7.2999999999999901      ,   7.0998904109589134      ,   7.0971693927995751      ,   7.0969479481086974      ,   7.0982992012119350     
   7.3999999999999897      ,   7.0039459459459561      ,   7.0018949387235274      ,   7.0016839879333332      ,   7.0027566579992282     
   7.4999999999999893      ,   6.9105600000000100      ,   6.9090157589189003      ,   6.9088209915986099      ,   6.9096710733551863     
   7.5999999999999890      ,   6.8196315789473783      ,   6.8184701438996127      ,   6.8182944745455583      ,   6.8189671189346672     
   7.6999999999999886      ,   6.7310649350649454      ,   6.7301923147769820      ,   6.7300367347377987      ,   6.7305682286195552     
   7.7999999999999883      ,   6.6447692307692412      ,   6.6441142570973026      ,   6.6439784780503945      ,   6.6443978989649262     
   7.8999999999999879      ,   6.5606582278481111      ,   6.5601670857274845      ,   6.5600500151294945      ,   6.5603806027277276     
   7.9999999999999876      ,   6.4786500000000098      ,   6.4782820480866530      ,   6.4781821322780813      ,   6.4784424168886945     
   8.0999999999999872      ,   6.3986666666666769      ,   6.3983912498812234      ,   6.3983067150958277      ,   6.3985114408704948     
   8.1999999999999869      ,   6.3206341463414732      ,   6.3204281690576867      ,   6.3203571852143332      ,   6.3205180613650942     
   8.2999999999999865      ,   6.2444819277108534      ,   6.2443280090669822      ,   6.2442687963046035      ,   6.2443951057301224     
   8.3999999999999861      ,   6.1701428571428671      ,   6.1700279310018118      ,   6.1699788246379157      ,   6.1700779150994531     
   8.4999999999999858      ,   6.0975529411764811      ,   6.0974671951129666      ,   6.0974266811109334      ,   6.0975043602717633     
   8.5999999999999854      ,   6.0266511627907082      ,   6.0265872351308492      ,   6.0265539652232798      ,   6.0266148174093477     
   8.6999999999999851      ,   5.9573793103448383      ,   5.9573316833051653      ,   5.9573044765731726      ,   5.9573521160838983     
   8.7999999999999847      ,   5.8896818181818285      ,   5.8896463597989044      ,   5.8896241956678592      ,   5.8896614688595630     
   8.8999999999999844      ,   5.8235056179775384      ,   5.8234792367672163      ,   5.8234612429633161      ,   5.8234903891165164     
   8.9999999999999840      ,   5.7588000000000106      ,   5.7587803849060872      ,   5.7587658228458789      ,   5.7587886019727508     
   9.0999999999999837      ,   5.6955164835164940      ,   5.6955019083022114      ,   5.6954901575886572      ,   5.6955079517951361     
   9.1999999999999833      ,   5.6336086956521845      ,   5.6335978719216895      ,   5.6335884150358035      ,   5.6336023087809197     
   9.2999999999999829      ,   5.5730322580645266      ,   5.5730242249371331      ,   5.5730166327941859      ,   5.5730274763467529     
   9.3999999999999826      ,   5.5137446808510742      ,   5.5137387222291041      ,   5.5137326409729575      ,   5.5137411005159240     
   9.4999999999999822      ,   5.4557052631579053      ,   5.4557008457449934      ,   5.4556959849516113      ,   5.4557025820948697     
   9.5999999999999819      ,   5.3988750000000101      ,   5.3988717269073083      ,   5.3988678492341373      ,   5.3988729921394096     
   9.6999999999999815      ,   5.3432164948453709      ,   5.3432140708955869      ,   5.3432109831284089      ,   5.3432149910012097     
   9.7999999999999812      ,   5.2886938775510304      ,   5.2886920833524824      ,   5.2886896287510510      ,   5.2886927510946604     
   9.8999999999999808      ,   5.2352727272727373      ,   5.2352713998622491      ,   5.2352694516798870      ,   5.2352718834180276     
   9.9999999999999805      ,   5.1829200000000100      ,   5.1829190184015177      ,   5.1829174744439195      ,   5.1829193677887586     
   10.099999999999980      ,   5.1316039603960499      ,   5.1316032348546461      ,   5.1316020129437385      ,   5.1316034867025095     
   10.199999999999980      ,   5.0812941176470687      ,   5.0812935816088540      ,   5.0812926158245943      ,   5.0812937626924333     
   10.299999999999979      ,   5.0319611650485534      ,   5.0319607691901496      ,   5.0319600067738390      ,   5.0319608990447602     
   10.399999999999979      ,   4.9835769230769333      ,   4.9835766308638387      ,   4.9835760296788250      ,   4.9835767237151867     
   10.499999999999979      ,   4.9361142857142957      ,   4.9361140700987409      ,   4.9361135965571892      ,   4.9361141362855054     
   10.599999999999978      ,   4.8895471698113306      ,   4.8895470107788448      ,   4.8895466381556005      ,   4.8895470577993150     
   10.699999999999978      ,   4.8438504672897293      ,   4.8438503500373926      ,   4.8438500571034613      ,   4.8438503833181636     
   10.799999999999978      ,   4.7990000000000101      ,   4.7989999135845505      ,   4.7989996835031432      ,   4.7989999370440826     
   10.899999999999977      ,   4.7549724770642303      ,   4.7549724133993561      ,   4.7549722328366384      ,   4.7549724298604064     
   10.999999999999977      ,   4.7117454545454649      ,   4.7117454076586327      ,   4.7117452660693129      ,   4.7117454191495334     
   11.099999999999977      ,   4.6692972972973070      ,   4.6692972627790876      ,   4.6692971518338808      ,   4.6692972707534173     
   11.199999999999976      ,   4.6276071428571530      ,   4.6276071174535023      ,   4.6276070305813093      ,   4.6276071229499482     
   11.299999999999976      ,   4.5866548672566472      ,   4.5866548485671421      ,   4.5866547805897309      ,   4.5866548523256103     
   11.399999999999975      ,   4.5464210526315885      ,   4.5464210388862050      ,   4.5464209857272522      ,   4.5464210414319739     
   11.499999999999975      ,   4.5068869565217486      ,   4.5068869464158077      ,   4.5068869048695852      ,   4.5068869481203988     
   11.599999999999975      ,   4.4680344827586307      ,   4.4680344753308221      ,   4.4680344428785963      ,   4.4680344764559186     
   11.699999999999974      ,   4.4298461538461638      ,   4.4298461483884353      ,   4.4298461230529691      ,   4.4298461491175081     
   11.799999999999974      ,   4.3923050847457725      ,   4.3923050807367963      ,   4.3923050609672085      ,   4.3923050811978079     
   11.899999999999974      ,   4.3553949579832025      ,   4.3553949550392677      ,   4.3553949396200329      ,   4.3553949553209348     
   11.999999999999973      ,   4.3191000000000095      ,   4.3190999978387890      ,   4.3190999858179175      ,   4.3190999980021978     
   12.099999999999973      ,   4.2834049586776954      ,   4.2834049570915287      ,   4.2834049477239393      ,   4.2834049571783996     
   12.199999999999973      ,   4.2482950819672229      ,   4.2482950808034179      ,   4.2482950735063438      ,   4.2482950808419719     
   12.299999999999972      ,   4.2137560975609851      ,   4.2137560967073036      ,   4.2137560910252114      ,   4.2137560967164056     
   12.399999999999972      ,   4.1797741935483970      ,   4.1797741929223626      ,   4.1797741884993753      ,   4.1797741929144392     
   12.499999999999972      ,   4.1463360000000096      ,   4.1463359995410345      ,   4.1463359960992809      ,   4.1463359995241182     
   12.599999999999971      ,   4.1134285714285808      ,   4.1134285710921690      ,   4.1134285684147978      ,   4.1134285710713216     
   12.699999999999971      ,   4.0810393700787495      ,   4.0810393698322320      ,   4.0810393677500922      ,   4.0810393698105329     
   12.799999999999971      ,   4.0491562500000091      ,   4.0491562498194078      ,   4.0491562482006165      ,   4.0491562497986298     
   12.899999999999970      ,   4.0177674418604745      ,   4.0177674417281954      ,   4.0177674404699681      ,   4.0177674417092675     
   12.999999999999970      ,   3.9868615384615476      ,   3.9868615383646837      ,   3.9868615373869498      ,   3.9868615383480064     
   13.099999999999969      ,   3.9564274809160396      ,   3.9564274808451252      ,   3.9564274800855297      ,   3.9564274808307767     
   13.199999999999969      ,   3.9264545454545545      ,   3.9264545454026494      ,   3.9264545448126524      ,   3.9264545453905231     
   13.299999999999969      ,   3.8969323308270769      ,   3.8969323307890935      ,   3.8969323303309213      ,   3.8969323307789874     
   13.399999999999968      ,   3.8678507462686658      ,   3.8678507462408760      ,   3.8678507458851428      ,   3.8678507462325471     
   13.499999999999968      ,   3.8392000000000093      ,   3.8391999999796815      ,   3.8391999997035335      ,   3.8391999999728799     
   13.599999999999968      ,   3.8109705882353033      ,   3.8109705882204374      ,   3.8109705880061053      ,   3.8109705882149250     
   13.699999999999967      ,   3.7831532846715419      ,   3.7831532846606719      ,   3.7831532844943454      ,   3.7831532846562337     
   13.799999999999967      ,   3.7557391304347916      ,   3.7557391304268455      ,   3.7557391302977905      ,   3.7557391304232914     
   13.899999999999967      ,   3.7287194244604405      ,   3.7287194244546327      ,   3.7287194243545114      ,   3.7287194244518007     
   13.999999999999966      ,   3.7020857142857233      ,   3.7020857142814791      ,   3.7020857142038150      ,   3.7020857142792321     
   14.099999999999966      ,   3.6758297872340515      ,   3.6758297872309504      ,   3.6758297871707137      ,   3.6758297872291745     
   14.199999999999966      ,   3.6499436619718399      ,   3.6499436619695746      ,   3.6499436619228596      ,   3.6499436619681753     
   14.299999999999965      ,   3.6244195804195893      ,   3.6244195804179351      ,   3.6244195803817103      ,   3.6244195804168355     
   14.399999999999965      ,   3.5992500000000089      ,   3.5992499999988010      ,   3.5992499999707137      ,   3.5992499999979395     
   14.499999999999964      ,   3.5744275862069053      ,   3.5744275862060233      ,   3.5744275861842474      ,   3.5744275862053501     
   14.599999999999964      ,   3.5499452054794607      ,   3.5499452054788168      ,   3.5499452054619356      ,   3.5499452054782918     
   14.699999999999964      ,   3.5257959183673555      ,   3.5257959183668857      ,   3.5257959183537997      ,   3.5257959183664771     
   14.799999999999963      ,   3.5019729729729816      ,   3.5019729729726388      ,   3.5019729729624958      ,   3.5019729729723212     
   14.899999999999963      ,   3.4784697986577267      ,   3.4784697986574766      ,   3.4784697986496149      ,   3.4784697986572306     
   14.999999999999963      ,   3.4552800000000086      ,   3.4552799999998260      ,   3.4552799999937331      ,   3.4552799999996355     
