r_fm,Vcoulomb_MeV,H_MeV,U_MeV
  5.00000000E-01,  1.79228701E+01,  5.70891025E-01,  1.73519791E+01
  5.18000000E-01,  1.79169732E+01,  5.70890614E-01,  1.73460826E+01
  5.36000000E-01,  1.79108677E+01,  5.70890193E-01,  1.73399775E+01
  5.54000000E-01,  1.79045537E+01,  5.70889764E-01,  1.73336640E+01
  5.72000000E-01,  1.78980312E+01,  5.70889326E-01,  1.73271419E+01
  5.90000000E-01,  1.78913001E+01,  5.70888879E-01,  1.73204113E+01
  6.08000000E-01,  1.78843605E+01,  5.70888423E-01,  1.73134721E+01
  6.26000000E-01,  1.78772124E+01,  5.70887959E-01,  1.73063244E+01
  6.44000000E-01,  1.78698557E+01,  5.70887485E-01,  1.72989682E+01
  6.62000000E-01,  1.78622905E+01,  5.70887003E-01,  1.72914035E+01
  6.80000000E-01,  1.78545168E+01,  5.70886512E-01,  1.72836303E+01
  6.98000000E-01,  1.78465345E+01,  5.70886013E-01,  1.72756485E+01
  7.16000000E-01,  1.78383437E+01,  5.70885504E-01,  1.72674582E+01
  7.34000000E-01,  1.78299443E+01,  5.70884987E-01,  1.72590593E+01
  7.52000000E-01,  1.78213364E+01,  5.70884461E-01,  1.72504520E+01
  7.70000000E-01,  1.78125200E+01,  5.70883926E-01,  1.72416361E+01
  7.88000000E-01,  1.78034950E+01,  5.70883382E-01,  1.72326117E+01
  8.06000000E-01,  1.77942615E+01,  5.70882830E-01,  1.72233787E+01
  8.24000000E-01,  1.77848195E+01,  5.70882268E-01,  1.72139372E+01
  8.42000000E-01,  1.77751690E+01,  5.70881698E-01,  1.72042873E+01
  8.60000000E-01,  1.77653098E+01,  5.70881119E-01,  1.71944287E+01
  8.78000000E-01,  1.77552422E+01,  5.70880532E-01,  1.71843617E+01
  8.96000000E-01,  1.77449660E+01,  5.70879935E-01,  1.71740861E+01
  9.14000000E-01,  1.77344813E+01,  5.70879330E-01,  1.71636020E+01
  9.32000000E-01,  1.77237881E+01,  5.70878716E-01,  1.71529094E+01
  9.50000000E-01,  1.77128863E+01,  5.70878093E-01,  1.71420082E+01
  9.68000000E-01,  1.77017760E+01,  5.70877461E-01,  1.71308985E+01
  9.86000000E-01,  1.76904571E+01,  5.70876821E-01,  1.71195803E+01
  1.00400000E+00,  1.76789298E+01,  5.70876171E-01,  1.71080536E+01
  1.02200000E+00,  1.76671938E+01,  5.70875513E-01,  1.70963183E+01
  1.04000000E+00,  1.76552494E+01,  5.70874846E-01,  1.70843745E+01
  1.05800000E+00,  1.76430964E+01,  5.70874171E-01,  1.70722222E+01
  1.07600000E+00,  1.76307348E+01,  5.70873486E-01,  1.70598614E+01
  1.09400000E+00,  1.76181648E+01,  5.70872793E-01,  1.70472920E+01
  1.11200000E+00,  1.76053862E+01,  5.70872091E-01,  1.70345141E+01
  1.13000000E+00,  1.75923990E+01,  5.70871380E-01,  1.70215277E+01
  1.14800000E+00,  1.75792034E+01,  5.70870660E-01,  1.70083327E+01
  1.16600000E+00,  1.75657992E+01,  5.70869932E-01,  1.69949292E+01
  1.18400000E+00,  1.75521864E+01,  5.70869194E-01,  1.69813172E+01
  1.20200000E+00,  1.75383651E+01,  5.70868448E-01,  1.69674967E+01
  1.22000000E+00,  1.75243353E+01,  5.70867693E-01,  1.69534676E+01
  1.23800000E+00,  1.75100970E+01,  5.70866930E-01,  1.69392301E+01
  1.25600000E+00,  1.74956501E+01,  5.70866157E-01,  1.69247839E+01
  1.27400000E+00,  1.74809947E+01,  5.70865376E-01,  1.69101293E+01
  1.29200000E+00,  1.74661307E+01,  5.70864586E-01,  1.68952661E+01
  1.31000000E+00,  1.74510582E+01,  5.70863787E-01,  1.68801944E+01
  1.32800000E+00,  1.74357772E+01,  5.70862979E-01,  1.68649142E+01
  1.34600000E+00,  1.74202876E+01,  5.70862163E-01,  1.68494255E+01
  1.36400000E+00,  1.74045895E+01,  5.70861337E-01,  1.68337282E+01
  1.38200000E+00,  1.73886829E+01,  5.70860503E-01,  1.68178224E+01
  1.40000000E+00,  1.73725677E+01,  5.70859660E-01,  1.68017081E+01
  1.41800000E+00,  1.73562440E+01,  5.70858809E-01,  1.67853852E+01
  1.43600000E+00,  1.73397118E+01,  5.70857948E-01,  1.67688538E+01
  1.45400000E+00,  1.73229710E+01,  5.70857079E-01,  1.67521139E+01
  1.47200000E+00,  1.73060217E+01,  5.70856201E-01,  1.67351655E+01
  1.49000000E+00,  1.72888638E+01,  5.70855314E-01,  1.67180085E+01
  1.50800000E+00,  1.72714975E+01,  5.70854418E-01,  1.67006430E+01
  1.52600000E+00,  1.72539225E+01,  5.70853514E-01,  1.66830690E+01
  1.54400000E+00,  1.72361391E+01,  5.70852601E-01,  1.66652865E+01
  1.56200000E+00,  1.72181471E+01,  5.70851678E-01,  1.66472954E+01
  1.58000000E+00,  1.71999466E+01,  5.70850748E-01,  1.66290958E+01
  1.59800000E+00,  1.71815375E+01,  5.70849808E-01,  1.66106877E+01
  1.61600000E+00,  1.71629199E+01,  5.70848859E-01,  1.65920710E+01
  1.63400000E+00,  1.71440938E+01,  5.70847902E-01,  1.65732459E+01
  1.65200000E+00,  1.71250591E+01,  5.70846936E-01,  1.65542122E+01
  1.67000000E+00,  1.71058159E+01,  5.70845961E-01,  1.65349699E+01
  1.68800000E+00,  1.70863641E+01,  5.70844977E-01,  1.65155192E+01
  1.70600000E+00,  1.70667039E+01,  5.70843985E-01,  1.64958599E+01
  1.72400000E+00,  1.70468351E+01,  5.70842984E-01,  1.64759921E+01
  1.74200000E+00,  1.70267577E+01,  5.70841973E-01,  1.64559157E+01
  1.76000000E+00,  1.70064718E+01,  5.70840955E-01,  1.64356309E+01
  1.77800000E+00,  1.69859774E+01,  5.70839927E-01,  1.64151375E+01
  1.79600000E+00,  1.69652744E+01,  5.70838890E-01,  1.63944356E+01
  1.81400000E+00,  1.69443630E+01,  5.70837845E-01,  1.63735251E+01
  1.83200000E+00,  1.69232429E+01,  5.70836791E-01,  1.63524061E+01
  1.85000000E+00,  1.69019144E+01,  5.70835728E-01,  1.63310786E+01
  1.86800000E+00,  1.68803773E+01,  5.70834656E-01,  1.63095426E+01
  1.88600000E+00,  1.68586316E+01,  5.70833576E-01,  1.62877981E+01
  1.90400000E+00,  1.68366775E+01,  5.70832487E-01,  1.62658450E+01
  1.92200000E+00,  1.68145148E+01,  5.70831389E-01,  1.62436834E+01
  1.94000000E+00,  1.67921435E+01,  5.70830282E-01,  1.62213132E+01
  1.95800000E+00,  1.67695637E+01,  5.70829166E-01,  1.61987346E+01
  1.97600000E+00,  1.67467754E+01,  5.70828042E-01,  1.61759474E+01
  1.99400000E+00,  1.67237786E+01,  5.70826908E-01,  1.61529517E+01
  2.01200000E+00,  1.67005732E+01,  5.70825766E-01,  1.61297474E+01
  2.03000000E+00,  1.66771593E+01,  5.70824615E-01,  1.61063347E+01
  2.04800000E+00,  1.66535368E+01,  5.70823456E-01,  1.60827134E+01
  2.06600000E+00,  1.66297058E+01,  5.70822287E-01,  1.60588836E+01
  2.08400000E+00,  1.66056663E+01,  5.70821110E-01,  1.60348452E+01
  2.10200000E+00,  1.65814183E+01,  5.70819924E-01,  1.60105983E+01
  2.12000000E+00,  1.65569617E+01,  5.70818729E-01,  1.59861429E+01
  2.13800000E+00,  1.65322965E+01,  5.70817525E-01,  1.59614790E+01
  2.15600000E+00,  1.65074229E+01,  5.70816313E-01,  1.59366066E+01
  2.17400000E+00,  1.64823407E+01,  5.70815092E-01,  1.59115256E+01
  2.19200000E+00,  1.64570499E+01,  5.70813861E-01,  1.58862361E+01
  2.21000000E+00,  1.64315506E+01,  5.70812623E-01,  1.58607380E+01
  2.22800000E+00,  1.64058428E+01,  5.70811375E-01,  1.58350315E+01
  2.24600000E+00,  1.63799265E+01,  5.70810118E-01,  1.58091164E+01
  2.26400000E+00,  1.63538016E+01,  5.70808853E-01,  1.57829928E+01
  2.28200000E+00,  1.63274682E+01,  5.70807579E-01,  1.57566606E+01
  2.30000000E+00,  1.63009262E+01,  5.70806296E-01,  1.57301199E+01
  2.31800000E+00,  1.62741757E+01,  5.70805005E-01,  1.57033707E+01
  2.33600000E+00,  1.62472167E+01,  5.70803704E-01,  1.56764130E+01
  2.35400000E+00,  1.62200492E+01,  5.70802395E-01,  1.56492468E+01
  2.37200000E+00,  1.61926731E+01,  5.70801077E-01,  1.56218720E+01
  2.39000000E+00,  1.61650884E+01,  5.70799750E-01,  1.55942887E+01
  2.40800000E+00,  1.61372953E+01,  5.70798414E-01,  1.55664969E+01
  2.42600000E+00,  1.61092936E+01,  5.70797070E-01,  1.55384965E+01
  2.44400000E+00,  1.60810833E+01,  5.70795717E-01,  1.55102876E+01
  2.46200000E+00,  1.60526646E+01,  5.70794354E-01,  1.54818702E+01
  2.48000000E+00,  1.60240372E+01,  5.70792984E-01,  1.54532443E+01
  2.49800000E+00,  1.59952014E+01,  5.70791604E-01,  1.54244098E+01
  2.51600000E+00,  1.59661570E+01,  5.70790216E-01,  1.53953668E+01
  2.53400000E+00,  1.59369041E+01,  5.70788818E-01,  1.53661153E+01
  2.55200000E+00,  1.59074427E+01,  5.70787412E-01,  1.53366552E+01
  2.57000000E+00,  1.58777727E+01,  5.70785997E-01,  1.53069867E+01
  2.58800000E+00,  1.58478941E+01,  5.70784574E-01,  1.52771096E+01
  2.60600000E+00,  1.58178071E+01,  5.70783141E-01,  1.52470239E+01
  2.62400000E+00,  1.57875115E+01,  5.70781700E-01,  1.52167298E+01
  2.64200000E+00,  1.57570074E+01,  5.70780250E-01,  1.51862271E+01
  2.66000000E+00,  1.57262947E+01,  5.70778791E-01,  1.51555159E+01
  2.67800000E+00,  1.56953735E+01,  5.70777324E-01,  1.51245962E+01
  2.69600000E+00,  1.56642438E+01,  5.70775847E-01,  1.50934679E+01
  2.71400000E+00,  1.56329055E+01,  5.70774362E-01,  1.50621311E+01
  2.73200000E+00,  1.56013587E+01,  5.70772868E-01,  1.50305858E+01
  2.75000000E+00,  1.55696033E+01,  5.70771365E-01,  1.49988320E+01
  2.76800000E+00,  1.55376395E+01,  5.70769853E-01,  1.49668696E+01
  2.78600000E+00,  1.55054670E+01,  5.70768333E-01,  1.49346987E+01
  2.80400000E+00,  1.54730861E+01,  5.70766804E-01,  1.49023193E+01
  2.82200000E+00,  1.54404966E+01,  5.70765266E-01,  1.48697313E+01
  2.84000000E+00,  1.54076986E+01,  5.70763719E-01,  1.48369349E+01
  2.85800000E+00,  1.53746920E+01,  5.70762163E-01,  1.48039299E+01
  2.87600000E+00,  1.53414769E+01,  5.70760599E-01,  1.47707163E+01
  2.89400000E+00,  1.53080533E+01,  5.70759026E-01,  1.47372943E+01
  2.91200000E+00,  1.52744211E+01,  5.70757444E-01,  1.47036637E+01
  2.93000000E+00,  1.52405804E+01,  5.70755853E-01,  1.46698246E+01
  2.94800000E+00,  1.52065312E+01,  5.70754253E-01,  1.46357769E+01
  2.96600000E+00,  1.51722734E+01,  5.70752645E-01,  1.46015208E+01
  2.98400000E+00,  1.51378071E+01,  5.70751028E-01,  1.45670561E+01
  3.00200000E+00,  1.51031323E+01,  5.70749402E-01,  1.45323829E+01
  3.02000000E+00,  1.50682489E+01,  5.70747767E-01,  1.44975011E+01
  3.03800000E+00,  1.50331570E+01,  5.70746123E-01,  1.44624109E+01
  3.05600000E+00,  1.49978565E+01,  5.70744471E-01,  1.44271121E+01
  3.07400000E+00,  1.49623475E+01,  5.70742810E-01,  1.43916047E+01
  3.09200000E+00,  1.49266300E+01,  5.70741140E-01,  1.43558889E+01
  3.11000000E+00,  1.48907040E+01,  5.70739461E-01,  1.43199645E+01
  3.12800000E+00,  1.48545694E+01,  5.70737773E-01,  1.42838316E+01
  3.14600000E+00,  1.48182262E+01,  5.70736077E-01,  1.42474902E+01
  3.16400000E+00,  1.47816746E+01,  5.70734372E-01,  1.42109402E+01
  3.18200000E+00,  1.47449144E+01,  5.70732658E-01,  1.41741817E+01
  3.20000000E+00,  1.47079456E+01,  5.70730935E-01,  1.41372147E+01
  3.21800000E+00,  1.46707684E+01,  5.70729203E-01,  1.41000392E+01
  3.23600000E+00,  1.46333826E+01,  5.70727463E-01,  1.40626551E+01
  3.25400000E+00,  1.45957882E+01,  5.70725714E-01,  1.40250625E+01
  3.27200000E+00,  1.45579854E+01,  5.70723956E-01,  1.39872614E+01
  3.29000000E+00,  1.45199739E+01,  5.70722189E-01,  1.39492517E+01
  3.30800000E+00,  1.44817540E+01,  5.70720413E-01,  1.39110336E+01
  3.32600000E+00,  1.44433255E+01,  5.70718629E-01,  1.38726069E+01
  3.34400000E+00,  1.44046885E+01,  5.70716836E-01,  1.38339716E+01
  3.36200000E+00,  1.43658429E+01,  5.70715034E-01,  1.37951279E+01
  3.38000000E+00,  1.43267888E+01,  5.70713223E-01,  1.37560756E+01
  3.39800000E+00,  1.42875262E+01,  5.70711404E-01,  1.37168148E+01
  3.41600000E+00,  1.42480550E+01,  5.70709575E-01,  1.36773455E+01
  3.43400000E+00,  1.42083753E+01,  5.70707738E-01,  1.36376676E+01
  3.45200000E+00,  1.41684871E+01,  5.70705892E-01,  1.35977812E+01
  3.47000000E+00,  1.41283903E+01,  5.70704037E-01,  1.35576863E+01
  3.48800000E+00,  1.40880850E+01,  5.70702174E-01,  1.35173829E+01
  3.50600000E+00,  1.40475712E+01,  5.70700302E-01,  1.34768709E+01
  3.52400000E+00,  1.40068488E+01,  5.70698420E-01,  1.34361504E+01
  3.54200000E+00,  1.39659179E+01,  5.70696531E-01,  1.33952214E+01
  3.56000000E+00,  1.39247785E+01,  5.70694632E-01,  1.33540838E+01
  3.57800000E+00,  1.38834305E+01,  5.70692724E-01,  1.33127378E+01
  3.59600000E+00,  1.38418740E+01,  5.70690808E-01,  1.32711832E+01
  3.61400000E+00,  1.38001089E+01,  5.70688883E-01,  1.32294200E+01
  3.63200000E+00,  1.37581353E+01,  5.70686949E-01,  1.31874484E+01
  3.65000000E+00,  1.37159532E+01,  5.70685006E-01,  1.31452682E+01
  3.66800000E+00,  1.36735625E+01,  5.70683055E-01,  1.31028795E+01
  3.68600000E+00,  1.36309633E+01,  5.70681094E-01,  1.30602822E+01
  3.70400000E+00,  1.35881556E+01,  5.70679125E-01,  1.30174765E+01
  3.72200000E+00,  1.35451393E+01,  5.70677147E-01,  1.29744622E+01
  3.74000000E+00,  1.35019145E+01,  5.70675161E-01,  1.29312394E+01
  3.75800000E+00,  1.34584812E+01,  5.70673165E-01,  1.28878080E+01
  3.77600000E+00,  1.34148393E+01,  5.70671161E-01,  1.28441681E+01
  3.79400000E+00,  1.33709889E+01,  5.70669148E-01,  1.28003198E+01
  3.81200000E+00,  1.33269300E+01,  5.70667126E-01,  1.27562628E+01
  3.83000000E+00,  1.32826625E+01,  5.70665095E-01,  1.27119974E+01
  3.84800000E+00,  1.32381865E+01,  5.70663056E-01,  1.26675234E+01
  3.86600000E+00,  1.31935019E+01,  5.70661008E-01,  1.26228409E+01
  3.88400000E+00,  1.31486088E+01,  5.70658951E-01,  1.25779499E+01
  3.90200000E+00,  1.31035072E+01,  5.70656885E-01,  1.25328503E+01
  3.92000000E+00,  1.30581970E+01,  5.70654810E-01,  1.24875422E+01
  3.93800000E+00,  1.30126783E+01,  5.70652727E-01,  1.24420256E+01
  3.95600000E+00,  1.29669511E+01,  5.70650634E-01,  1.23963005E+01
  3.97400000E+00,  1.29210153E+01,  5.70648533E-01,  1.23503668E+01
  3.99200000E+00,  1.28748710E+01,  5.70646424E-01,  1.23042246E+01
  4.01000000E+00,  1.28285182E+01,  5.70644305E-01,  1.22578739E+01
  4.02800000E+00,  1.27819568E+01,  5.70642178E-01,  1.22113146E+01
  4.04600000E+00,  1.27351869E+01,  5.70640041E-01,  1.21645469E+01
  4.06400000E+00,  1.26882085E+01,  5.70637896E-01,  1.21175706E+01
  4.08200000E+00,  1.26410215E+01,  5.70635743E-01,  1.20703857E+01
  4.10000000E+00,  1.25936260E+01,  5.70633580E-01,  1.20229924E+01
  4.11800000E+00,  1.25460219E+01,  5.70631408E-01,  1.19753905E+01
  4.13600000E+00,  1.24982093E+01,  5.70629228E-01,  1.19275801E+01
  4.15400000E+00,  1.24501882E+01,  5.70627039E-01,  1.18795612E+01
  4.17200000E+00,  1.24019585E+01,  5.70624842E-01,  1.18313337E+01
  4.19000000E+00,  1.23535203E+01,  5.70622635E-01,  1.17828977E+01
  4.20800000E+00,  1.23048736E+01,  5.70620420E-01,  1.17342532E+01
  4.22600000E+00,  1.22560183E+01,  5.70618195E-01,  1.16854001E+01
  4.24400000E+00,  1.22069545E+01,  5.70615962E-01,  1.16363386E+01
  4.26200000E+00,  1.21576822E+01,  5.70613721E-01,  1.15870685E+01
  4.28000000E+00,  1.21082013E+01,  5.70611470E-01,  1.15375899E+01
  4.29800000E+00,  1.20585119E+01,  5.70609211E-01,  1.14879027E+01
  4.31600000E+00,  1.20086140E+01,  5.70606943E-01,  1.14380070E+01
  4.33400000E+00,  1.19587448E+01,  5.70604666E-01,  1.13881401E+01
  4.35200000E+00,  1.19092831E+01,  5.70602380E-01,  1.13386807E+01
  4.37000000E+00,  1.18602288E+01,  5.70600085E-01,  1.12896287E+01
  4.38800000E+00,  1.18115770E+01,  5.70597782E-01,  1.12409792E+01
  4.40600000E+00,  1.17633227E+01,  5.70595470E-01,  1.11927273E+01
  4.42400000E+00,  1.17154611E+01,  5.70593149E-01,  1.11448680E+01
  4.44200000E+00,  1.16679874E+01,  5.70590819E-01,  1.10973966E+01
  4.46000000E+00,  1.16208969E+01,  5.70588481E-01,  1.10503084E+01
  4.47800000E+00,  1.15741849E+01,  5.70586134E-01,  1.10035988E+01
  4.49600000E+00,  1.15278470E+01,  5.70583777E-01,  1.09572632E+01
  4.51400000E+00,  1.14818786E+01,  5.70581413E-01,  1.09112972E+01
  4.53200000E+00,  1.14362754E+01,  5.70579039E-01,  1.08656963E+01
  4.55000000E+00,  1.13910330E+01,  5.70576656E-01,  1.08204563E+01
  4.56800000E+00,  1.13461471E+01,  5.70574265E-01,  1.07755728E+01
  4.58600000E+00,  1.13016136E+01,  5.70571865E-01,  1.07310417E+01
  4.60400000E+00,  1.12574283E+01,  5.70569456E-01,  1.06868589E+01
  4.62200000E+00,  1.12135872E+01,  5.70567039E-01,  1.06430202E+01
  4.64000000E+00,  1.11700862E+01,  5.70564612E-01,  1.05995216E+01
  4.65800000E+00,  1.11269214E+01,  5.70562177E-01,  1.05563592E+01
  4.67600000E+00,  1.10840890E+01,  5.70559733E-01,  1.05135292E+01
  4.69400000E+00,  1.10415850E+01,  5.70557280E-01,  1.04710277E+01
  4.71200000E+00,  1.09994058E+01,  5.70554818E-01,  1.04288510E+01
  4.73000000E+00,  1.09575476E+01,  5.70552348E-01,  1.03869952E+01
  4.74800000E+00,  1.09160067E+01,  5.70549869E-01,  1.03454569E+01
  4.76600000E+00,  1.08747797E+01,  5.70547381E-01,  1.03042323E+01
  4.78400000E+00,  1.08338629E+01,  5.70544884E-01,  1.02633180E+01
  4.80200000E+00,  1.07932528E+01,  5.70542378E-01,  1.02227104E+01
  4.82000000E+00,  1.07529461E+01,  5.70539864E-01,  1.01824062E+01
  4.83800000E+00,  1.07129392E+01,  5.70537341E-01,  1.01424019E+01
  4.85600000E+00,  1.06732290E+01,  5.70534809E-01,  1.01026942E+01
  4.87400000E+00,  1.06338121E+01,  5.70532268E-01,  1.00632798E+01
  4.89200000E+00,  1.05946852E+01,  5.70529719E-01,  1.00241555E+01
  4.91000000E+00,  1.05558452E+01,  5.70527160E-01,  9.98531805E+00
  4.92800000E+00,  1.05172890E+01,  5.70524593E-01,  9.94676437E+00
  4.94600000E+00,  1.04790133E+01,  5.70522017E-01,  9.90849133E+00
  4.96400000E+00,  1.04410153E+01,  5.70519432E-01,  9.87049588E+00
  4.98200000E+00,  1.04032919E+01,  5.70516839E-01,  9.83277501E+00
  5.00000000E+00,  1.03658400E+01,  5.70514237E-01,  9.79532576E+00
