 nuclei,nn-interation,density,pycno_rate
 C-C,M3Y                 ,   1000000000.0000000      ,   9.2536744970612678E-016
 C-C,M3Y                 ,   1990000000.0000000      ,   1.9115689278745777E-006
 C-C,M3Y                 ,   2980000000.0000000      ,  0.19636444872771608     
 C-C,M3Y                 ,   3970000000.0000000      ,   461.42577182110631     
 C-C,M3Y                 ,   4960000000.0000000      ,   150564.39413111037     
 C-C,M3Y                 ,   5950000000.0000000      ,   14728399.739233466     
 C-C,M3Y                 ,   6940000000.0000000      ,   642024262.96688581     
 C-C,M3Y                 ,   7930000000.0000000      ,   15723057631.669657     
 C-C,M3Y                 ,   8920000000.0000000      ,   249951757854.27032     
 C-C,M3Y                 ,   9910000000.0000000      ,   2847634527781.4082     
 C-C,M3Y                 ,   10900000000.000000      ,   24829087613412.840     
 C-C,M3Y                 ,   11890000000.000000      ,   174579338503388.31     
 C-C,M3Y                 ,   12880000000.000000      ,   1025536741564769.0     
 C-C,M3Y                 ,   13870000000.000000      ,   5181945708205786.0     
 C-C,M3Y                 ,   14860000000.000000      ,   23022850026612044.     
 C-C,M3Y                 ,   15850000000.000000      ,   91613757569934048.     
 C-C,M3Y                 ,   16840000000.000000      ,   3.3135177151835174E+017
 C-C,M3Y                 ,   17830000000.000000      ,   1.0995195427208977E+018
 C-C,M3Y                 ,   18820000000.000000      ,   3.3898078342358124E+018
 C-C,M3Y                 ,   19810000000.000000      ,   9.7742582919802245E+018
 C-C,M3Y                 ,   20800000000.000000      ,   2.6569067094514180E+019
 C-C,M3Y                 ,   21790000000.000000      ,   6.8439987460916298E+019
 C-C,M3Y                 ,   22780000000.000000      ,   1.6808081902668254E+020
 C-C,M3Y                 ,   23770000000.000000      ,   3.9479778895054524E+020
 C-C,M3Y                 ,   24760000000.000000      ,   8.9093594623121123E+020
 C-C,M3Y                 ,   25750000000.000000      ,   1.9397134885225549E+021
 C-C,M3Y                 ,   26740000000.000000      ,   4.0755085716173263E+021
 C-C,M3Y                 ,   27730000000.000000      ,   8.3171549918136128E+021
 C-C,M3Y                 ,   28720000000.000000      ,   1.6477628206414333E+022
 C-C,M3Y                 ,   29710000000.000000      ,   3.1759567975268445E+022
 C-C,M3Y                 ,   30700000000.000000      ,   5.9806871259153133E+022
 C-C,M3Y                 ,   31690000000.000000      ,   1.0995287142030236E+023
 C-C,M3Y                 ,   32680000000.000000      ,   1.9795180426741200E+023
 C-C,M3Y                 ,   33670000000.000000      ,   3.4897273315195102E+023
 C-C,M3Y                 ,   34660000000.000000      ,   6.0428901137926531E+023
 C-C,M3Y                 ,   35650000000.000000      ,   1.0271628373055741E+024
 C-C,M3Y                 ,   36640000000.000000      ,   1.7177177674963789E+024
 C-C,M3Y                 ,   37630000000.000000      ,   2.8285110944195047E+024
 C-C,M3Y                 ,   38620000000.000000      ,   4.5917682791798041E+024
 C-C,M3Y                 ,   39610000000.000000      ,   7.3363453794962056E+024
 C-C,M3Y                 ,   40600000000.000000      ,   1.1589374380701771E+025
 C-C,M3Y                 ,   41590000000.000000      ,   1.8063972510402931E+025
 C-C,M3Y                 ,   42580000000.000000      ,   2.7818646522407211E+025
 C-C,M3Y                 ,   43570000000.000000      ,   4.2375540832882203E+025
 C-C,M3Y                 ,   44560000000.000000      ,   6.3888790541650174E+025
 C-C,M3Y                 ,   45550000000.000000      ,   9.5273562015848006E+025
 C-C,M3Y                 ,   46540000000.000000      ,   1.4080437141845979E+026
 C-C,M3Y                 ,   47530000000.000000      ,   2.0668612385793468E+026
 C-C,M3Y                 ,   48520000000.000000      ,   3.0087654948998978E+026
 C-C,M3Y                 ,   49510000000.000000      ,   4.3156849806815301E+026
 C-C,M3Y                 ,   50500000000.000000      ,   6.1437897299665529E+026
 C-C,M3Y                 ,   51490000000.000000      ,   8.6661460514960257E+026
 C-C,M3Y                 ,   52480000000.000000      ,   1.2135383440952475E+027
 C-C,M3Y                 ,   53470000000.000000      ,   1.6873526495256680E+027
 C-C,M3Y                 ,   54460000000.000000      ,   2.3302194858287666E+027
 C-C,M3Y                 ,   55450000000.000000      ,   3.1971852871292080E+027
 C-C,M3Y                 ,   56440000000.000000      ,   4.3598832466502057E+027
 C-C,M3Y                 ,   57430000000.000000      ,   5.8967948434802764E+027
 C-C,M3Y                 ,   58420000000.000000      ,   7.9400687188589785E+027
 C-C,M3Y                 ,   59410000000.000000      ,   1.0639403503947426E+028
 C-C,M3Y                 ,   60400000000.000000      ,   1.4144059712691224E+028
 C-C,M3Y                 ,   61390000000.000000      ,   1.8746689712775829E+028
 C-C,M3Y                 ,   62380000000.000000      ,   2.4666616593176262E+028
 C-C,M3Y                 ,   63370000000.000000      ,   3.2379588065762184E+028
 C-C,M3Y                 ,   64360000000.000000      ,   4.2182398320455694E+028
 C-C,M3Y                 ,   65350000000.000000      ,   5.4733259260031825E+028
 C-C,M3Y                 ,   66340000000.000000      ,   7.0758320920317577E+028
 C-C,M3Y                 ,   67330000000.000000      ,   9.1118888415646338E+028
 C-C,M3Y                 ,   68320000000.000000      ,   1.1667826921688502E+029
 C-C,M3Y                 ,   69310000000.000000      ,   1.4882716591443157E+029
 C-C,M3Y                 ,   70300000000.000000      ,   1.8910812785771728E+029
 C-C,M3Y                 ,   71290000000.000000      ,   2.3938737611896983E+029
 C-C,M3Y                 ,   72280000000.000000      ,   3.0191800342498065E+029
 C-C,M3Y                 ,   73270000000.000000      ,   3.7941743128559845E+029
 C-C,M3Y                 ,   74260000000.000000      ,   4.7516046467734589E+029
 C-C,M3Y                 ,   75250000000.000000      ,   5.9308801441130869E+029
 C-C,M3Y                 ,   76240000000.000000      ,   7.3793329186354902E+029
 C-C,M3Y                 ,   77230000000.000000      ,   9.1536969407933293E+029
 C-C,M3Y                 ,   78220000000.000000      ,   1.1299483126721074E+030
 C-C,M3Y                 ,   79210000000.000000      ,   1.3916961017440063E+030
 C-C,M3Y                 ,   80200000000.000000      ,   1.7101150206918260E+030
 C-C,M3Y                 ,   81190000000.000000      ,   2.0963630589574144E+030
 C-C,M3Y                 ,   82180000000.000000      ,   2.5573414414394730E+030
 C-C,M3Y                 ,   83170000000.000000      ,   3.1150244486338018E+030
 C-C,M3Y                 ,   84160000000.000000      ,   3.7878334924187526E+030
 C-C,M3Y                 ,   85150000000.000000      ,   4.5828861282777068E+030
 C-C,M3Y                 ,   86140000000.000000      ,   5.5413577836123719E+030
 C-C,M3Y                 ,   87130000000.000000      ,   6.6771720637646549E+030
 C-C,M3Y                 ,   88120000000.000000      ,   8.0294168087529412E+030
 C-C,M3Y                 ,   89110000000.000000      ,   9.6343964855195462E+030
 C-C,M3Y                 ,   90100000000.000000      ,   1.1527404875869630E+031
 C-C,M3Y                 ,   91090000000.000000      ,   1.3765696264113389E+031
 C-C,M3Y                 ,   92080000000.000000      ,   1.6403683553360545E+031
 C-C,M3Y                 ,   93070000000.000000      ,   1.9492573131462436E+031
 C-C,M3Y                 ,   94060000000.000000      ,   2.3149371580552223E+031
 C-C,M3Y                 ,   95050000000.000000      ,   2.7379654493237149E+031
 C-C,M3Y                 ,   96040000000.000000      ,   3.2373499997002692E+031
 C-C,M3Y                 ,   97030000000.000000      ,   3.8172158955415426E+031
 C-C,M3Y                 ,   98020000000.000000      ,   4.4895810001759836E+031
 C-C,M3Y                 ,   99010000000.000000      ,   5.2781963295150156E+031
 C-C,M3Y                 ,   100000000000.00000      ,   6.1894047262904567E+031
