 nuclei,nninteraction,density,pycno_rate
 C-C,RMF-bcc-relax       ,   10000000000.000000      ,   1.4414951306124874E+017
 C-C,RMF-bcc-relax       ,   49900000000.000000      ,   4.8359353070809050E+030
 C-C,RMF-bcc-relax       ,   89800000000.000000      ,   7.2467061367139643E+034
 C-C,RMF-bcc-relax       ,   129700000000.00000      ,   1.8772765652442843E+037
 C-C,RMF-bcc-relax       ,   169600000000.00000      ,   8.8888098468066877E+038
 C-C,RMF-bcc-relax       ,   209500000000.00000      ,   1.6618257828149446E+040
 C-C,RMF-bcc-relax       ,   249400000000.00000      ,   1.7348288630739241E+041
 C-C,RMF-bcc-relax       ,   289300000000.00000      ,   1.2149126402018014E+042
 C-C,RMF-bcc-relax       ,   329200000000.00000      ,   6.3917749737760000E+042
 C-C,RMF-bcc-relax       ,   369100000000.00000      ,   2.7008743762767666E+043
 C-C,RMF-bcc-relax       ,   409000000000.00000      ,   9.6246270230643790E+043
 C-C,RMF-bcc-relax       ,   448900000000.00000      ,   2.9949263631658621E+044
 C-C,RMF-bcc-relax       ,   488800000000.00000      ,   8.3502118331882946E+044
 C-C,RMF-bcc-relax       ,   528700000000.00000      ,   2.1226724524105021E+045
 C-C,RMF-bcc-relax       ,   568600000000.00000      ,   4.9814356100870164E+045
 C-C,RMF-bcc-relax       ,   608500000000.00000      ,   1.0958608637409884E+046
 C-C,RMF-bcc-relax       ,   648400000000.00000      ,   2.2744047986518431E+046
 C-C,RMF-bcc-relax       ,   688300000000.00000      ,   4.4950089103298858E+046
 C-C,RMF-bcc-relax       ,   728200000000.00000      ,   8.4815313767150997E+046
 C-C,RMF-bcc-relax       ,   768100000000.00000      ,   1.5443372291329694E+047
 C-C,RMF-bcc-relax       ,   808000000000.00000      ,   2.7068443782725997E+047
 C-C,RMF-bcc-relax       ,   847900000000.00000      ,   4.6055428583816585E+047
 C-C,RMF-bcc-relax       ,   887800000000.00000      ,   7.6255111000469223E+047
 C-C,RMF-bcc-relax       ,   927700000000.00000      ,   1.2330039925660786E+048
 C-C,RMF-bcc-relax       ,   967600000000.00000      ,   1.9395760965000639E+048
 C-C,RMF-bcc-relax       ,   1007500000000.0000      ,   3.0050786290019096E+048
 C-C,RMF-bcc-relax       ,   1047400000000.0000      ,   4.5456748183042895E+048
 C-C,RMF-bcc-relax       ,   1087300000000.0000      ,   6.7692985389634037E+048
 C-C,RMF-bcc-relax       ,   1127200000000.0000      ,   9.9342708421389959E+048
 C-C,RMF-bcc-relax       ,   1167100000000.0000      ,   1.4398557151746337E+049
 C-C,RMF-bcc-relax       ,   1207000000000.0000      ,   2.0732209173355355E+049
 C-C,RMF-bcc-relax       ,   1246900000000.0000      ,   2.8984080783643979E+049
 C-C,RMF-bcc-relax       ,   1286800000000.0000      ,   4.0082017922661104E+049
 C-C,RMF-bcc-relax       ,   1326700000000.0000      ,   5.4480488858819624E+049
 C-C,RMF-bcc-relax       ,   1366600000000.0000      ,   7.3620805504042386E+049
 C-C,RMF-bcc-relax       ,   1406500000000.0000      ,   9.8317574602754414E+049
 C-C,RMF-bcc-relax       ,   1446400000000.0000      ,   1.3019079243510445E+050
 C-C,RMF-bcc-relax       ,   1486300000000.0000      ,   1.7061018699038335E+050
 C-C,RMF-bcc-relax       ,   1526200000000.0000      ,   2.2262173459607571E+050
 C-C,RMF-bcc-relax       ,   1566100000000.0000      ,   2.8664045716020249E+050
 C-C,RMF-bcc-relax       ,   1606000000000.0000      ,   3.6709017199787678E+050
 C-C,RMF-bcc-relax       ,   1645900000000.0000      ,   4.6926424290476662E+050
 C-C,RMF-bcc-relax       ,   1685800000000.0000      ,   5.9174199042245659E+050
 C-C,RMF-bcc-relax       ,   1725700000000.0000      ,   7.4203992360800655E+050
 C-C,RMF-bcc-relax       ,   1765600000000.0000      ,   9.2545936670988136E+050
 C-C,RMF-bcc-relax       ,   1805500000000.0000      ,   1.1480783543018831E+051
 C-C,RMF-bcc-relax       ,   1845400000000.0000      ,   1.4168207364416491E+051
 C-C,RMF-bcc-relax       ,   1885300000000.0000      ,   1.7395480477324391E+051
 C-C,RMF-bcc-relax       ,   1925200000000.0000      ,   2.1252094605529763E+051
 C-C,RMF-bcc-relax       ,   1965100000000.0000      ,   2.5840663326332172E+051
 C-C,RMF-bcc-relax       ,   2005000000000.0000      ,   3.1279523183797387E+051
 C-C,RMF-bcc-relax       ,   2044900000000.0000      ,   3.7705201293645055E+051
 C-C,RMF-bcc-relax       ,   2084800000000.0000      ,   4.5274810068272735E+051
 C-C,RMF-bcc-relax       ,   2124700000000.0000      ,   5.4168737654854787E+051
 C-C,RMF-bcc-relax       ,   2164600000000.0000      ,   6.4593867473002572E+051
 C-C,RMF-bcc-relax       ,   2204500000000.0000      ,   7.6787405262053501E+051
 C-C,RMF-bcc-relax       ,   2244400000000.0000      ,   9.0300312813369522E+051
 C-C,RMF-bcc-relax       ,   2284300000000.0000      ,   1.0635266872574118E+052
 C-C,RMF-bcc-relax       ,   2324200000000.0000      ,   1.2503297757969727E+052
 C-C,RMF-bcc-relax       ,   2364100000000.0000      ,   1.4670587724483267E+052
 C-C,RMF-bcc-relax       ,   2404000000000.0000      ,   1.7073255487834257E+052
 C-C,RMF-bcc-relax       ,   2443900000000.0000      ,   1.9845122267796104E+052
 C-C,RMF-bcc-relax       ,   2483800000000.0000      ,   2.3066590146454131E+052
 C-C,RMF-bcc-relax       ,   2523700000000.0000      ,   2.6785502597312710E+052
 C-C,RMF-bcc-relax       ,   2563600000000.0000      ,   3.0738896078708855E+052
 C-C,RMF-bcc-relax       ,   2603500000000.0000      ,   3.5438327954732119E+052
 C-C,RMF-bcc-relax       ,   2643400000000.0000      ,   4.0856295846743056E+052
 C-C,RMF-bcc-relax       ,   2683300000000.0000      ,   4.6536975401682573E+052
 C-C,RMF-bcc-relax       ,   2723200000000.0000      ,   5.3310880646933451E+052
 C-C,RMF-bcc-relax       ,   2763100000000.0000      ,   6.0724094219551894E+052
 C-C,RMF-bcc-relax       ,   2803000000000.0000      ,   6.9045577379731289E+052
 C-C,RMF-bcc-relax       ,   2842900000000.0000      ,   7.8722649003328088E+052
 C-C,RMF-bcc-relax       ,   2882800000000.0000      ,   8.8784252510352926E+052
 C-C,RMF-bcc-relax       ,   2922700000000.0000      ,   1.0070126302364366E+053
 C-C,RMF-bcc-relax       ,   2962600000000.0000      ,   1.1337653047360051E+053
 C-C,RMF-bcc-relax       ,   3002500000000.0000      ,   1.2793321328965881E+053
 C-C,RMF-bcc-relax       ,   3042400000000.0000      ,   1.4380810860538842E+053
 C-C,RMF-bcc-relax       ,   3082300000000.0000      ,   1.6145508889683045E+053
 C-C,RMF-bcc-relax       ,   3122200000000.0000      ,   1.8118993598008353E+053
 C-C,RMF-bcc-relax       ,   3162100000000.0000      ,   2.0246923510674141E+053
 C-C,RMF-bcc-relax       ,   3202000000000.0000      ,   2.2668131033425417E+053
 C-C,RMF-bcc-relax       ,   3241900000000.0000      ,   2.5237510897618177E+053
 C-C,RMF-bcc-relax       ,   3281800000000.0000      ,   2.8153865999918922E+053
 C-C,RMF-bcc-relax       ,   3321700000000.0000      ,   3.1281306383116289E+053
 C-C,RMF-bcc-relax       ,   3361600000000.0000      ,   3.4751116491461495E+053
 C-C,RMF-bcc-relax       ,   3401500000000.0000      ,   3.8572271681042195E+053
 C-C,RMF-bcc-relax       ,   3441400000000.0000      ,   4.2676335874885900E+053
 C-C,RMF-bcc-relax       ,   3481300000000.0000      ,   4.7342276808090185E+053
 C-C,RMF-bcc-relax       ,   3521200000000.0000      ,   5.2182488250009940E+053
 C-C,RMF-bcc-relax       ,   3561100000000.0000      ,   5.7873828477153517E+053
 C-C,RMF-bcc-relax       ,   3601000000000.0000      ,   6.3578984742418358E+053
 C-C,RMF-bcc-relax       ,   3640900000000.0000      ,   7.0527408204716095E+053
 C-C,RMF-bcc-relax       ,   3680800000000.0000      ,   7.7280855734980230E+053
 C-C,RMF-bcc-relax       ,   3720700000000.0000      ,   8.5058717053235653E+053
 C-C,RMF-bcc-relax       ,   3760600000000.0000      ,   9.4186214235737222E+053
 C-C,RMF-bcc-relax       ,   3800500000000.0000      ,   1.0330660331473921E+054
 C-C,RMF-bcc-relax       ,   3840400000000.0000      ,   1.1349921382356583E+054
 C-C,RMF-bcc-relax       ,   3880300000000.0000      ,   1.2317650420500742E+054
 C-C,RMF-bcc-relax       ,   3920200000000.0000      ,   1.3405886268045687E+054
 C-C,RMF-bcc-relax       ,   3960100000000.0000      ,   1.4647097709757818E+054
 C-C,RMF-bcc-relax       ,   4000000000000.0000      ,   1.5866962655288137E+054
