r_fm,Vcoulomb_MeV,Vscreen_MeV,Vcoulomb_screened_MeV,Vnuclear_MeV,Vtotal_MeV
  5.00000000E-01,  1.79228701E+01,  1.89830508E+00,  1.60245650E+01,  5.21524761E+01,  6.81770411E+01
  5.18000000E-01,  1.79169732E+01,  1.89372881E+00,  1.60232444E+01,  3.48197380E+01,  5.08429824E+01
  5.36000000E-01,  1.79108677E+01,  1.88915254E+00,  1.60217152E+01,  2.02044184E+01,  3.62261336E+01
  5.54000000E-01,  1.79045537E+01,  1.88457627E+00,  1.60199775E+01,  7.91547650E+00,  2.39354540E+01
  5.72000000E-01,  1.78980312E+01,  1.88000000E+00,  1.60180312E+01, -2.37949027E+00,  1.36385409E+01
  5.90000000E-01,  1.78913001E+01,  1.87542373E+00,  1.60158764E+01, -1.09638645E+01,  5.05201188E+00
  6.08000000E-01,  1.78843605E+01,  1.87084746E+00,  1.60135131E+01, -1.80798720E+01, -2.06635895E+00
  6.26000000E-01,  1.78772124E+01,  1.86627119E+00,  1.60109412E+01, -2.39350455E+01, -7.92410433E+00
  6.44000000E-01,  1.78698557E+01,  1.86169492E+00,  1.60081608E+01, -2.87075663E+01, -1.26994055E+01
  6.62000000E-01,  1.78622905E+01,  1.85711864E+00,  1.60051719E+01, -3.25506996E+01, -1.65455278E+01
  6.80000000E-01,  1.78545168E+01,  1.85254237E+00,  1.60019744E+01, -3.55964941E+01, -1.95945197E+01
  6.98000000E-01,  1.78465345E+01,  1.84796610E+00,  1.59985684E+01, -3.79588807E+01, -2.19603123E+01
  7.16000000E-01,  1.78383437E+01,  1.84338983E+00,  1.59949538E+01, -3.97362784E+01, -2.37413246E+01
  7.34000000E-01,  1.78299443E+01,  1.83881356E+00,  1.59911308E+01, -4.10137932E+01, -2.50226625E+01
  7.52000000E-01,  1.78213364E+01,  1.83423729E+00,  1.59870991E+01, -4.18650802E+01, -2.58779811E+01
  7.70000000E-01,  1.78125200E+01,  1.82966102E+00,  1.59828590E+01, -4.23539254E+01, -2.63710664E+01
  7.88000000E-01,  1.78034950E+01,  1.82508475E+00,  1.59784103E+01, -4.25355934E+01, -2.65571831E+01
  8.06000000E-01,  1.77942615E+01,  1.82050847E+00,  1.59737531E+01, -4.24579786E+01, -2.64842255E+01
  8.24000000E-01,  1.77848195E+01,  1.81593220E+00,  1.59688873E+01, -4.21625915E+01, -2.61937042E+01
  8.42000000E-01,  1.77751690E+01,  1.81135593E+00,  1.59638130E+01, -4.16854053E+01, -2.57215923E+01
  8.60000000E-01,  1.77653098E+01,  1.80677966E+00,  1.59585302E+01, -4.10575844E+01, -2.50990542E+01
  8.78000000E-01,  1.77552422E+01,  1.80220339E+00,  1.59530388E+01, -4.03061124E+01, -2.43530736E+01
  8.96000000E-01,  1.77449660E+01,  1.79762712E+00,  1.59473389E+01, -3.94543349E+01, -2.35069960E+01
  9.14000000E-01,  1.77344813E+01,  1.79305085E+00,  1.59414305E+01, -3.85224294E+01, -2.25809989E+01
  9.32000000E-01,  1.77237881E+01,  1.78847458E+00,  1.59353135E+01, -3.75278121E+01, -2.15924986E+01
  9.50000000E-01,  1.77128863E+01,  1.78389831E+00,  1.59289880E+01, -3.64854915E+01, -2.05565035E+01
  9.68000000E-01,  1.77017760E+01,  1.77932203E+00,  1.59224540E+01, -3.54083761E+01, -1.94859222E+01
  9.86000000E-01,  1.76904571E+01,  1.77474576E+00,  1.59157114E+01, -3.43075415E+01, -1.83918302E+01
  1.00400000E+00,  1.76789298E+01,  1.77016949E+00,  1.59087603E+01, -3.31924642E+01, -1.72837039E+01
  1.02200000E+00,  1.76671938E+01,  1.76559322E+00,  1.59016006E+01, -3.20712245E+01, -1.61696239E+01
  1.04000000E+00,  1.76552494E+01,  1.76101695E+00,  1.58942324E+01, -3.09506850E+01, -1.50564526E+01
  1.05800000E+00,  1.76430964E+01,  1.75644068E+00,  1.58866557E+01, -2.98366456E+01, -1.39499899E+01
  1.07600000E+00,  1.76307348E+01,  1.75186441E+00,  1.58788704E+01, -2.87339796E+01, -1.28551092E+01
  1.09400000E+00,  1.76181648E+01,  1.74728814E+00,  1.58708766E+01, -2.76467528E+01, -1.17758762E+01
  1.11200000E+00,  1.76053862E+01,  1.74271186E+00,  1.58626743E+01, -2.65783277E+01, -1.07156534E+01
  1.13000000E+00,  1.75923990E+01,  1.73813559E+00,  1.58542635E+01, -2.55314552E+01, -9.67719176E+00
  1.14800000E+00,  1.75792034E+01,  1.73355932E+00,  1.58456441E+01, -2.45083545E+01, -8.66271045E+00
  1.16600000E+00,  1.75657992E+01,  1.72898305E+00,  1.58368161E+01, -2.35107836E+01, -7.67396750E+00
  1.18400000E+00,  1.75521864E+01,  1.72440678E+00,  1.58277796E+01, -2.25401010E+01, -6.71232134E+00
  1.20200000E+00,  1.75383651E+01,  1.71983051E+00,  1.58185346E+01, -2.15973197E+01, -5.77878507E+00
  1.22000000E+00,  1.75243353E+01,  1.71525424E+00,  1.58090811E+01, -2.06831550E+01, -4.87407387E+00
  1.23800000E+00,  1.75100970E+01,  1.71067797E+00,  1.57994190E+01, -1.97980658E+01, -3.99864675E+00
  1.25600000E+00,  1.74956501E+01,  1.70610169E+00,  1.57895484E+01, -1.89422915E+01, -3.15274307E+00
  1.27400000E+00,  1.74809947E+01,  1.70152542E+00,  1.57794693E+01, -1.81158839E+01, -2.33641468E+00
  1.29200000E+00,  1.74661307E+01,  1.69694915E+00,  1.57691816E+01, -1.73187355E+01, -1.54955395E+00
  1.31000000E+00,  1.74510582E+01,  1.69237288E+00,  1.57586853E+01, -1.65506038E+01, -7.91918449E-01
  1.32800000E+00,  1.74357772E+01,  1.68779661E+00,  1.57479806E+01, -1.58111331E+01, -6.31524832E-02
  1.34600000E+00,  1.74202876E+01,  1.68322034E+00,  1.57370673E+01, -1.50998733E+01,  6.37194036E-01
  1.36400000E+00,  1.74045895E+01,  1.67864407E+00,  1.57259455E+01, -1.44162963E+01,  1.30964912E+00
  1.38200000E+00,  1.73886829E+01,  1.67406780E+00,  1.57146151E+01, -1.37598108E+01,  1.95480434E+00
  1.40000000E+00,  1.73725677E+01,  1.66949153E+00,  1.57030762E+01, -1.31297739E+01,  2.57330226E+00
  1.41800000E+00,  1.73562440E+01,  1.66491525E+00,  1.56913288E+01, -1.25255032E+01,  3.16582556E+00
  1.43600000E+00,  1.73397118E+01,  1.66033898E+00,  1.56793728E+01, -1.19462852E+01,  3.73308758E+00
  1.45400000E+00,  1.73229710E+01,  1.65576271E+00,  1.56672083E+01, -1.13913842E+01,  4.27582411E+00
  1.47200000E+00,  1.73060217E+01,  1.65118644E+00,  1.56548352E+01, -1.08600490E+01,  4.79478628E+00
  1.49000000E+00,  1.72888638E+01,  1.64661017E+00,  1.56422537E+01, -1.03515192E+01,  5.29073450E+00
  1.50800000E+00,  1.72714975E+01,  1.64203390E+00,  1.56294636E+01, -9.86503037E+00,  5.76443318E+00
  1.52600000E+00,  1.72539225E+01,  1.63745763E+00,  1.56164649E+01, -9.39981861E+00,  6.21664629E+00
  1.54400000E+00,  1.72361391E+01,  1.63288136E+00,  1.56032577E+01, -8.95512420E+00,  6.64813352E+00
  1.56200000E+00,  1.72181471E+01,  1.62830508E+00,  1.55898420E+01, -8.53019495E+00,  7.05964705E+00
  1.58000000E+00,  1.71999466E+01,  1.62372881E+00,  1.55762177E+01, -8.12428887E+00,  7.45192888E+00
  1.59800000E+00,  1.71815375E+01,  1.61915254E+00,  1.55623850E+01, -7.73667641E+00,  7.82570855E+00
  1.61600000E+00,  1.71629199E+01,  1.61457627E+00,  1.55483436E+01, -7.36664235E+00,  8.18170128E+00
  1.63400000E+00,  1.71440938E+01,  1.61000000E+00,  1.55340938E+01, -7.01348730E+00,  8.52060647E+00
  1.65200000E+00,  1.71250591E+01,  1.60542373E+00,  1.55196354E+01, -6.67652889E+00,  8.84310647E+00
  1.67000000E+00,  1.71058159E+01,  1.60084746E+00,  1.55049684E+01, -6.35510275E+00,  9.14986568E+00
  1.68800000E+00,  1.70863641E+01,  1.59627119E+00,  1.54900930E+01, -6.04856320E+00,  9.44152976E+00
  1.70600000E+00,  1.70667039E+01,  1.59169492E+00,  1.54750090E+01, -5.75628377E+00,  9.71872519E+00
  1.72400000E+00,  1.70468351E+01,  1.58711864E+00,  1.54597164E+01, -5.47765754E+00,  9.98205887E+00
  1.74200000E+00,  1.70267577E+01,  1.58254237E+00,  1.54442153E+01, -5.21209738E+00,  1.02321180E+01
  1.76000000E+00,  1.70064718E+01,  1.57796610E+00,  1.54285057E+01, -4.95903594E+00,  1.04694698E+01
  1.77800000E+00,  1.69859774E+01,  1.57338983E+00,  1.54125876E+01, -4.71792568E+00,  1.06946619E+01
  1.79600000E+00,  1.69652744E+01,  1.56881356E+00,  1.53964609E+01, -4.48823870E+00,  1.09082222E+01
  1.81400000E+00,  1.69443630E+01,  1.56423729E+00,  1.53801257E+01, -4.26946653E+00,  1.11106591E+01
  1.83200000E+00,  1.69232429E+01,  1.55966102E+00,  1.53635819E+01, -4.06111987E+00,  1.13024620E+01
  1.85000000E+00,  1.69019144E+01,  1.55508475E+00,  1.53468296E+01, -3.86272823E+00,  1.14841014E+01
  1.86800000E+00,  1.68803773E+01,  1.55050847E+00,  1.53298688E+01, -3.67383956E+00,  1.16560292E+01
  1.88600000E+00,  1.68586316E+01,  1.54593220E+00,  1.53126994E+01, -3.49401985E+00,  1.18186796E+01
  1.90400000E+00,  1.68366775E+01,  1.54135593E+00,  1.52953215E+01, -3.32285265E+00,  1.19724689E+01
  1.92200000E+00,  1.68145148E+01,  1.53677966E+00,  1.52777351E+01, -3.15993864E+00,  1.21177965E+01
  1.94000000E+00,  1.67921435E+01,  1.53220339E+00,  1.52599401E+01, -3.00489512E+00,  1.22550450E+01
  1.95800000E+00,  1.67695637E+01,  1.52762712E+00,  1.52419366E+01, -2.85735550E+00,  1.23845811E+01
  1.97600000E+00,  1.67467754E+01,  1.52305085E+00,  1.52237246E+01, -2.71696884E+00,  1.25067557E+01
  1.99400000E+00,  1.67237786E+01,  1.51847458E+00,  1.52053040E+01, -2.58339929E+00,  1.26219047E+01
  2.01200000E+00,  1.67005732E+01,  1.51389831E+00,  1.51866749E+01, -2.45632560E+00,  1.27303493E+01
  2.03000000E+00,  1.66771593E+01,  1.50932203E+00,  1.51678373E+01, -2.33544061E+00,  1.28323966E+01
  2.04800000E+00,  1.66535368E+01,  1.50474576E+00,  1.51487911E+01, -2.22045075E+00,  1.29283403E+01
  2.06600000E+00,  1.66297058E+01,  1.50016949E+00,  1.51295364E+01, -2.11107551E+00,  1.30184608E+01
  2.08400000E+00,  1.66056663E+01,  1.49559322E+00,  1.51100731E+01, -2.00704698E+00,  1.31030261E+01
  2.10200000E+00,  1.65814183E+01,  1.49101695E+00,  1.50904013E+01, -1.90810934E+00,  1.31822920E+01
  2.12000000E+00,  1.65569617E+01,  1.48644068E+00,  1.50705210E+01, -1.81401842E+00,  1.32565026E+01
  2.13800000E+00,  1.65322965E+01,  1.48186441E+00,  1.50504321E+01, -1.72454118E+00,  1.33258909E+01
  2.15600000E+00,  1.65074229E+01,  1.47728814E+00,  1.50301347E+01, -1.63945532E+00,  1.33906794E+01
  2.17400000E+00,  1.64823407E+01,  1.47271186E+00,  1.50096288E+01, -1.55854878E+00,  1.34510800E+01
  2.19200000E+00,  1.64570499E+01,  1.46813559E+00,  1.49889143E+01, -1.48161937E+00,  1.35072950E+01
  2.21000000E+00,  1.64315506E+01,  1.46355932E+00,  1.49679913E+01, -1.40847431E+00,  1.35595170E+01
  2.22800000E+00,  1.64058428E+01,  1.45898305E+00,  1.49468598E+01, -1.33892985E+00,  1.36079299E+01
  2.24600000E+00,  1.63799265E+01,  1.45440678E+00,  1.49255197E+01, -1.27281087E+00,  1.36527088E+01
  2.26400000E+00,  1.63538016E+01,  1.44983051E+00,  1.49039711E+01, -1.20995053E+00,  1.36940206E+01
  2.28200000E+00,  1.63274682E+01,  1.44525424E+00,  1.48822140E+01, -1.15018986E+00,  1.37320241E+01
  2.30000000E+00,  1.63009262E+01,  1.44067797E+00,  1.48602483E+01, -1.09337745E+00,  1.37668708E+01
  2.31800000E+00,  1.62741757E+01,  1.43610169E+00,  1.48380741E+01, -1.03936912E+00,  1.37987049E+01
  2.33600000E+00,  1.62472167E+01,  1.43152542E+00,  1.48156913E+01, -9.88027559E-01,  1.38276637E+01
  2.35400000E+00,  1.62200492E+01,  1.42694915E+00,  1.47931000E+01, -9.39222033E-01,  1.38538780E+01
  2.37200000E+00,  1.61926731E+01,  1.42237288E+00,  1.47703002E+01, -8.92828094E-01,  1.38774721E+01
  2.39000000E+00,  1.61650884E+01,  1.41779661E+00,  1.47472918E+01, -8.48727283E-01,  1.38985645E+01
  2.40800000E+00,  1.61372953E+01,  1.41322034E+00,  1.47240749E+01, -8.06806857E-01,  1.39172681E+01
  2.42600000E+00,  1.61092936E+01,  1.40864407E+00,  1.47006495E+01, -7.66959522E-01,  1.39336900E+01
  2.44400000E+00,  1.60810833E+01,  1.40406780E+00,  1.46770155E+01, -7.29083184E-01,  1.39479324E+01
  2.46200000E+00,  1.60526646E+01,  1.39949153E+00,  1.46531730E+01, -6.93080704E-01,  1.39600923E+01
  2.48000000E+00,  1.60240372E+01,  1.39491525E+00,  1.46291220E+01, -6.58859666E-01,  1.39702623E+01
  2.49800000E+00,  1.59952014E+01,  1.39033898E+00,  1.46048624E+01, -6.26332158E-01,  1.39785303E+01
  2.51600000E+00,  1.59661570E+01,  1.38576271E+00,  1.45803943E+01, -5.95414553E-01,  1.39849798E+01
  2.53400000E+00,  1.59369041E+01,  1.38118644E+00,  1.45557177E+01, -5.66027311E-01,  1.39896904E+01
  2.55200000E+00,  1.59074427E+01,  1.37661017E+00,  1.45308325E+01, -5.38094784E-01,  1.39927377E+01
  2.57000000E+00,  1.58777727E+01,  1.37203390E+00,  1.45057388E+01, -5.11545030E-01,  1.39941937E+01
  2.58800000E+00,  1.58478941E+01,  1.36745763E+00,  1.44804365E+01, -4.86309634E-01,  1.39941269E+01
  2.60600000E+00,  1.58178071E+01,  1.36288136E+00,  1.44549257E+01, -4.62323541E-01,  1.39926022E+01
  2.62400000E+00,  1.57875115E+01,  1.35830508E+00,  1.44292064E+01, -4.39524894E-01,  1.39896815E+01
  2.64200000E+00,  1.57570074E+01,  1.35372881E+00,  1.44032785E+01, -4.17854881E-01,  1.39854237E+01
  2.66000000E+00,  1.57262947E+01,  1.34915254E+00,  1.43771422E+01, -3.97257585E-01,  1.39798846E+01
  2.67800000E+00,  1.56953735E+01,  1.34457627E+00,  1.43507972E+01, -3.77679845E-01,  1.39731174E+01
  2.69600000E+00,  1.56642438E+01,  1.34000000E+00,  1.43242438E+01, -3.59071125E-01,  1.39651726E+01
  2.71400000E+00,  1.56329055E+01,  1.33542373E+00,  1.42974818E+01, -3.41383383E-01,  1.39560984E+01
  2.73200000E+00,  1.56013587E+01,  1.33084746E+00,  1.42705112E+01, -3.24570949E-01,  1.39459403E+01
  2.75000000E+00,  1.55696033E+01,  1.32627119E+00,  1.42433321E+01, -3.08590414E-01,  1.39347417E+01
  2.76800000E+00,  1.55376395E+01,  1.32169492E+00,  1.42159445E+01, -2.93400515E-01,  1.39225440E+01
  2.78600000E+00,  1.55054670E+01,  1.31711864E+00,  1.41883484E+01, -2.78962032E-01,  1.39093864E+01
  2.80400000E+00,  1.54730861E+01,  1.31254237E+00,  1.41605437E+01, -2.65237687E-01,  1.38953060E+01
  2.82200000E+00,  1.54404966E+01,  1.30796610E+00,  1.41325305E+01, -2.52192051E-01,  1.38803384E+01
  2.84000000E+00,  1.54076986E+01,  1.30338983E+00,  1.41043087E+01, -2.39791448E-01,  1.38645173E+01
  2.85800000E+00,  1.53746920E+01,  1.29881356E+00,  1.40758785E+01, -2.28003876E-01,  1.38478746E+01
  2.87600000E+00,  1.53414769E+01,  1.29423729E+00,  1.40472396E+01, -2.16798918E-01,  1.38304407E+01
  2.89400000E+00,  1.53080533E+01,  1.28966102E+00,  1.40183923E+01, -2.06147667E-01,  1.38122446E+01
  2.91200000E+00,  1.52744211E+01,  1.28508475E+00,  1.39893364E+01, -1.96022653E-01,  1.37933137E+01
  2.93000000E+00,  1.52405804E+01,  1.28050847E+00,  1.39600720E+01, -1.86397768E-01,  1.37736742E+01
  2.94800000E+00,  1.52065312E+01,  1.27593220E+00,  1.39305990E+01, -1.77248202E-01,  1.37533508E+01
  2.96600000E+00,  1.51722734E+01,  1.27135593E+00,  1.39009175E+01, -1.68550377E-01,  1.37323671E+01
  2.98400000E+00,  1.51378071E+01,  1.26677966E+00,  1.38710275E+01, -1.60281887E-01,  1.37107456E+01
  3.00200000E+00,  1.51031323E+01,  1.26220339E+00,  1.38409289E+01, -1.52421439E-01,  1.36885074E+01
  3.02000000E+00,  1.50682489E+01,  1.25762712E+00,  1.38106218E+01, -1.44948800E-01,  1.36656730E+01
  3.03800000E+00,  1.50331570E+01,  1.25305085E+00,  1.37801061E+01, -1.37844742E-01,  1.36422614E+01
  3.05600000E+00,  1.49978565E+01,  1.24847458E+00,  1.37493820E+01, -1.31090992E-01,  1.36182910E+01
  3.07400000E+00,  1.49623475E+01,  1.24389831E+00,  1.37184492E+01, -1.24670186E-01,  1.35937791E+01
  3.09200000E+00,  1.49266300E+01,  1.23932203E+00,  1.36873080E+01, -1.18565825E-01,  1.35687422E+01
  3.11000000E+00,  1.48907040E+01,  1.23474576E+00,  1.36559582E+01, -1.12762229E-01,  1.35431960E+01
  3.12800000E+00,  1.48545694E+01,  1.23016949E+00,  1.36243999E+01, -1.07244497E-01,  1.35171554E+01
  3.14600000E+00,  1.48182262E+01,  1.22559322E+00,  1.35926330E+01, -1.01998471E-01,  1.34906346E+01
  3.16400000E+00,  1.47816746E+01,  1.22101695E+00,  1.35606576E+01, -9.70106961E-02,  1.34636469E+01
  3.18200000E+00,  1.47449144E+01,  1.21644068E+00,  1.35284737E+01, -9.22683853E-02,  1.34362053E+01
  3.20000000E+00,  1.47079456E+01,  1.21186441E+00,  1.34960812E+01, -8.77593888E-02,  1.34083219E+01
  3.21800000E+00,  1.46707684E+01,  1.20728814E+00,  1.34634802E+01, -8.34721605E-02,  1.33800081E+01
  3.23600000E+00,  1.46333826E+01,  1.20271186E+00,  1.34306707E+01, -7.93957281E-02,  1.33512750E+01
  3.25400000E+00,  1.45957882E+01,  1.19813559E+00,  1.33976526E+01, -7.55196648E-02,  1.33221330E+01
  3.27200000E+00,  1.45579854E+01,  1.19355932E+00,  1.33644260E+01, -7.18340621E-02,  1.32925920E+01
  3.29000000E+00,  1.45199739E+01,  1.18898305E+00,  1.33309909E+01, -6.83295038E-02,  1.32626614E+01
  3.30800000E+00,  1.44817540E+01,  1.18440678E+00,  1.32973472E+01, -6.49970417E-02,  1.32323502E+01
  3.32600000E+00,  1.44433255E+01,  1.17983051E+00,  1.32634950E+01, -6.18281720E-02,  1.32016668E+01
  3.34400000E+00,  1.44046885E+01,  1.17525424E+00,  1.32294342E+01, -5.88148135E-02,  1.31706194E+01
  3.36200000E+00,  1.43658429E+01,  1.17067797E+00,  1.31951650E+01, -5.59492863E-02,  1.31392157E+01
  3.38000000E+00,  1.43267888E+01,  1.16610169E+00,  1.31606871E+01, -5.32242917E-02,  1.31074629E+01
  3.39800000E+00,  1.42875262E+01,  1.16152542E+00,  1.31260008E+01, -5.06328936E-02,  1.30753679E+01
  3.41600000E+00,  1.42480550E+01,  1.15694915E+00,  1.30911059E+01, -4.81684999E-02,  1.30429374E+01
  3.43400000E+00,  1.42083753E+01,  1.15237288E+00,  1.30560025E+01, -4.58248460E-02,  1.30101776E+01
  3.45200000E+00,  1.41684871E+01,  1.14779661E+00,  1.30206905E+01, -4.35959778E-02,  1.29770945E+01
  3.47000000E+00,  1.41283903E+01,  1.14322034E+00,  1.29851700E+01, -4.14762367E-02,  1.29436938E+01
  3.48800000E+00,  1.40880850E+01,  1.13864407E+00,  1.29494410E+01, -3.94602446E-02,  1.29099807E+01
  3.50600000E+00,  1.40475712E+01,  1.13406780E+00,  1.29135034E+01, -3.75428903E-02,  1.28759605E+01
  3.52400000E+00,  1.40068488E+01,  1.12949153E+00,  1.28773573E+01, -3.57193156E-02,  1.28416380E+01
  3.54200000E+00,  1.39659179E+01,  1.12491525E+00,  1.28410027E+01, -3.39849034E-02,  1.28070178E+01
  3.56000000E+00,  1.39247785E+01,  1.12033898E+00,  1.28044395E+01, -3.23352651E-02,  1.27721042E+01
  3.57800000E+00,  1.38834305E+01,  1.11576271E+00,  1.27676678E+01, -3.07662296E-02,  1.27369015E+01
  3.59600000E+00,  1.38418740E+01,  1.11118644E+00,  1.27306875E+01, -2.92738322E-02,  1.27014137E+01
  3.61400000E+00,  1.38001089E+01,  1.10661017E+00,  1.26934987E+01, -2.78543045E-02,  1.26656444E+01
  3.63200000E+00,  1.37581353E+01,  1.10203390E+00,  1.26561014E+01, -2.65040647E-02,  1.26295974E+01
  3.65000000E+00,  1.37159532E+01,  1.09745763E+00,  1.26184956E+01, -2.52197082E-02,  1.25932759E+01
  3.66800000E+00,  1.36735625E+01,  1.09288136E+00,  1.25806812E+01, -2.39979985E-02,  1.25566832E+01
  3.68600000E+00,  1.36309633E+01,  1.08830508E+00,  1.25426582E+01, -2.28358594E-02,  1.25198224E+01
  3.70400000E+00,  1.35881556E+01,  1.08372881E+00,  1.25044268E+01, -2.17303668E-02,  1.24826964E+01
  3.72200000E+00,  1.35451393E+01,  1.07915254E+00,  1.24659868E+01, -2.06787408E-02,  1.24453080E+01
  3.74000000E+00,  1.35019145E+01,  1.07457627E+00,  1.24273383E+01, -1.96783392E-02,  1.24076599E+01
  3.75800000E+00,  1.34584812E+01,  1.07000000E+00,  1.23884812E+01, -1.87266498E-02,  1.23697545E+01
  3.77600000E+00,  1.34148393E+01,  1.06542373E+00,  1.23494156E+01, -1.78212849E-02,  1.23315943E+01
  3.79400000E+00,  1.33709889E+01,  1.06084746E+00,  1.23101414E+01, -1.69599743E-02,  1.22931815E+01
  3.81200000E+00,  1.33269300E+01,  1.05627119E+00,  1.22706588E+01, -1.61405600E-02,  1.22545182E+01
  3.83000000E+00,  1.32826625E+01,  1.05169492E+00,  1.22309676E+01, -1.53609903E-02,  1.22156066E+01
  3.84800000E+00,  1.32381865E+01,  1.04711864E+00,  1.21910678E+01, -1.46193148E-02,  1.21764485E+01
  3.86600000E+00,  1.31935019E+01,  1.04254237E+00,  1.21509595E+01, -1.39136789E-02,  1.21370458E+01
  3.88400000E+00,  1.31486088E+01,  1.03796610E+00,  1.21106427E+01, -1.32423198E-02,  1.20974004E+01
  3.90200000E+00,  1.31035072E+01,  1.03338983E+00,  1.20701174E+01, -1.26035612E-02,  1.20575138E+01
  3.92000000E+00,  1.30581970E+01,  1.02881356E+00,  1.20293835E+01, -1.19958095E-02,  1.20173877E+01
  3.93800000E+00,  1.30126783E+01,  1.02423729E+00,  1.19884410E+01, -1.14175496E-02,  1.19770235E+01
  3.95600000E+00,  1.29669511E+01,  1.01966102E+00,  1.19472901E+01, -1.08673406E-02,  1.19364227E+01
  3.97400000E+00,  1.29210153E+01,  1.01508475E+00,  1.19059306E+01, -1.03438129E-02,  1.18955868E+01
  3.99200000E+00,  1.28748710E+01,  1.01050847E+00,  1.18643625E+01, -9.84566388E-03,  1.18545169E+01
  4.01000000E+00,  1.28285182E+01,  1.00593220E+00,  1.18225860E+01, -9.37165524E-03,  1.18132143E+01
  4.02800000E+00,  1.27819568E+01,  1.00135593E+00,  1.17806009E+01, -8.92060932E-03,  1.17716803E+01
  4.04600000E+00,  1.27351869E+01,  9.96779661E-01,  1.17384072E+01, -8.49140639E-03,  1.17299158E+01
  4.06400000E+00,  1.26882085E+01,  9.92203390E-01,  1.16960051E+01, -8.08298166E-03,  1.16879221E+01
  4.08200000E+00,  1.26410215E+01,  9.87627119E-01,  1.16533944E+01, -7.69432263E-03,  1.16457000E+01
  4.10000000E+00,  1.25936260E+01,  9.83050847E-01,  1.16105751E+01, -7.32446644E-03,  1.16032506E+01
  4.11800000E+00,  1.25460219E+01,  9.78474576E-01,  1.15675473E+01, -6.97249750E-03,  1.15605748E+01
  4.13600000E+00,  1.24982093E+01,  9.73898305E-01,  1.15243110E+01, -6.63754507E-03,  1.15176735E+01
  4.15400000E+00,  1.24501882E+01,  9.69322034E-01,  1.14808662E+01, -6.31878110E-03,  1.14745474E+01
  4.17200000E+00,  1.24019585E+01,  9.64745763E-01,  1.14372128E+01, -6.01541812E-03,  1.14311974E+01
  4.19000000E+00,  1.23535203E+01,  9.60169492E-01,  1.13933508E+01, -5.72670722E-03,  1.13876241E+01
  4.20800000E+00,  1.23048736E+01,  9.55593220E-01,  1.13492804E+01, -5.45193615E-03,  1.13438284E+01
  4.22600000E+00,  1.22560183E+01,  9.51016949E-01,  1.13050014E+01, -5.19042752E-03,  1.12998110E+01
  4.24400000E+00,  1.22069545E+01,  9.46440678E-01,  1.12605139E+01, -4.94153708E-03,  1.12555723E+01
  4.26200000E+00,  1.21576822E+01,  9.41864407E-01,  1.12158178E+01, -4.70465210E-03,  1.12111131E+01
  4.28000000E+00,  1.21082013E+01,  9.37288136E-01,  1.11709132E+01, -4.47918978E-03,  1.11664340E+01
  4.29800000E+00,  1.20585119E+01,  9.32711864E-01,  1.11258001E+01, -4.26459584E-03,  1.11215355E+01
  4.31600000E+00,  1.20086140E+01,  9.28135593E-01,  1.10804784E+01, -4.06034303E-03,  1.10764180E+01
  4.33400000E+00,  1.19587448E+01,  9.23559322E-01,  1.10351855E+01, -3.86592989E-03,  1.10313196E+01
  4.35200000E+00,  1.19092831E+01,  9.18983051E-01,  1.09903000E+01, -3.68087943E-03,  1.09866192E+01
  4.37000000E+00,  1.18602288E+01,  9.14406780E-01,  1.09458221E+01, -3.50473792E-03,  1.09423173E+01
  4.38800000E+00,  1.18115770E+01,  9.09830508E-01,  1.09017465E+01, -3.33707377E-03,  1.08984094E+01
  4.40600000E+00,  1.17633227E+01,  9.05254237E-01,  1.08580685E+01, -3.17747647E-03,  1.08548910E+01
  4.42400000E+00,  1.17154611E+01,  9.00677966E-01,  1.08147832E+01, -3.02555547E-03,  1.08117576E+01
  4.44200000E+00,  1.16679874E+01,  8.96101695E-01,  1.07718857E+01, -2.88093929E-03,  1.07690048E+01
  4.46000000E+00,  1.16208969E+01,  8.91525424E-01,  1.07293714E+01, -2.74327454E-03,  1.07266282E+01
  4.47800000E+00,  1.15741849E+01,  8.86949153E-01,  1.06872358E+01, -2.61222502E-03,  1.06846235E+01
  4.49600000E+00,  1.15278470E+01,  8.82372881E-01,  1.06454741E+01, -2.48747091E-03,  1.06429866E+01
  4.51400000E+00,  1.14818786E+01,  8.77796610E-01,  1.06040820E+01, -2.36870796E-03,  1.06017133E+01
  4.53200000E+00,  1.14362754E+01,  8.73220339E-01,  1.05630550E+01, -2.25564671E-03,  1.05607994E+01
  4.55000000E+00,  1.13910330E+01,  8.68644068E-01,  1.05223889E+01, -2.14801177E-03,  1.05202409E+01
  4.56800000E+00,  1.13461471E+01,  8.64067797E-01,  1.04820793E+01, -2.04554116E-03,  1.04800338E+01
  4.58600000E+00,  1.13016136E+01,  8.59491525E-01,  1.04421221E+01, -1.94798560E-03,  1.04401741E+01
  4.60400000E+00,  1.12574283E+01,  8.54915254E-01,  1.04025131E+01, -1.85510795E-03,  1.04006580E+01
  4.62200000E+00,  1.12135872E+01,  8.50338983E-01,  1.03632482E+01, -1.76668256E-03,  1.03614815E+01
  4.64000000E+00,  1.11700862E+01,  8.45762712E-01,  1.03243235E+01, -1.68249475E-03,  1.03226410E+01
  4.65800000E+00,  1.11269214E+01,  8.41186441E-01,  1.02857350E+01, -1.60234026E-03,  1.02841326E+01
  4.67600000E+00,  1.10840890E+01,  8.36610169E-01,  1.02474788E+01, -1.52602471E-03,  1.02459528E+01
  4.69400000E+00,  1.10415850E+01,  8.32033898E-01,  1.02095511E+01, -1.45336318E-03,  1.02080977E+01
  4.71200000E+00,  1.09994058E+01,  8.27457627E-01,  1.01719481E+01, -1.38417970E-03,  1.01705640E+01
  4.73000000E+00,  1.09575476E+01,  8.22881356E-01,  1.01346662E+01, -1.31830682E-03,  1.01333479E+01
  4.74800000E+00,  1.09160067E+01,  8.18305085E-01,  1.00977017E+01, -1.25558523E-03,  1.00964461E+01
  4.76600000E+00,  1.08747797E+01,  8.13728814E-01,  1.00610509E+01, -1.19586329E-03,  1.00598550E+01
  4.78400000E+00,  1.08338629E+01,  8.09152542E-01,  1.00247103E+01, -1.13899674E-03,  1.00235713E+01
  4.80200000E+00,  1.07932528E+01,  8.04576271E-01,  9.98867654E+00, -1.08484829E-03,  9.98759169E+00
  4.82000000E+00,  1.07529461E+01,  8.00000000E-01,  9.95294606E+00, -1.03328728E-03,  9.95191277E+00
  4.83800000E+00,  1.07129392E+01,  7.95423729E-01,  9.91751550E+00, -9.84189384E-04,  9.91653131E+00
  4.85600000E+00,  1.06732290E+01,  7.90847458E-01,  9.88238154E+00, -9.37436276E-04,  9.88144410E+00
  4.87400000E+00,  1.06338121E+01,  7.86271186E-01,  9.84754088E+00, -8.92915354E-04,  9.84664796E+00
  4.89200000E+00,  1.05946852E+01,  7.81694915E-01,  9.81299029E+00, -8.50519456E-04,  9.81213977E+00
  4.91000000E+00,  1.05558452E+01,  7.77118644E-01,  9.77872657E+00, -8.10146594E-04,  9.77791642E+00
  4.92800000E+00,  1.05172890E+01,  7.72542373E-01,  9.74474659E+00, -7.71699704E-04,  9.74397489E+00
  4.94600000E+00,  1.04790133E+01,  7.67966102E-01,  9.71104724E+00, -7.35086408E-04,  9.71031216E+00
  4.96400000E+00,  1.04410153E+01,  7.63389831E-01,  9.67762548E+00, -7.00218786E-04,  9.67692526E+00
  4.98200000E+00,  1.04032919E+01,  7.58813559E-01,  9.64447829E+00, -6.67013155E-04,  9.64381128E+00
  5.00000000E+00,  1.03658400E+01,  7.54237288E-01,  9.61160271E+00, -6.35389871E-04,  9.61096732E+00
